Urutan,NAMA,ID TIANG/GARDU,NAMA TIANG/GARDU,KEYPOINT,LATITUDE,LONGITUDE
1,ANGKLUNG,17TG0123001045,F.TEROMPET.000006,PMT ANGKLUNG,-5.36728,104.93034
2,ANGKLUNG,17TG0125002303,F.PIANO.000001,PMT ANGKLUNG,-5.36705,104.93103
3,ANGKLUNG,17TG0125002304,F.PIANO.000002,PMT ANGKLUNG,-5.36696,104.93146
4,ANGKLUNG,17TG0125002305,F.PIANO.000003,PMT ANGKLUNG,-5.36692,104.93191
5,ANGKLUNG,17TG0125002306,F.PIANO.000004,PMT ANGKLUNG,-5.36684,104.93224
6,ANGKLUNG,17TG0125002307,F.PIANO.000005,PMT ANGKLUNG,-5.36679,104.93264
7,ANGKLUNG,17TG0125002308,F.PIANO.000006,PMT ANGKLUNG,-5.36670,104.93311
8,ANGKLUNG,17TG0125002309,F.PIANO.000007,PMT ANGKLUNG,-5.36657,104.93357
9,ANGKLUNG,17TG0125002310,F.PIANO.000008,PMT ANGKLUNG,-5.36648,104.93412
10,ANGKLUNG,17TG0125002311,F.PIANO.000009,PMT ANGKLUNG,-5.36643,104.93453
11,ANGKLUNG,17TG0125002312,F.PIANO.000010,PMT ANGKLUNG,-5.36637,104.93490
12,ANGKLUNG,17TG0125002313,F.PIANO.000011,PMT ANGKLUNG,-5.36623,104.93534
13,ANGKLUNG,17TG0125002314,F.PIANO.000012,PMT ANGKLUNG,-5.36619,104.93572
14,ANGKLUNG,17TG0125002315,F.PIANO.000013,PMT ANGKLUNG,-5.36609,104.93620
15,ANGKLUNG,17TG0125002316,F.PIANO.000014,PMT ANGKLUNG,-5.36597,104.93659
16,ANGKLUNG,17TG0125002317,F.PIANO.000015,PMT ANGKLUNG,-5.36584,104.93700
17,ANGKLUNG,17TG0125002318,F.PIANO.000016,PMT ANGKLUNG,-5.36575,104.93743
18,ANGKLUNG,17TG0125002319,F.PIANO.000017,PMT ANGKLUNG,-5.36567,104.93792
19,ANGKLUNG,17TG0125002251,F.ANGKLUNG.000440,PMT ANGKLUNG,-5.36623,104.93795
20,ANGKLUNG,17TG0125002252,F.ANGKLUNG.000441,PMT ANGKLUNG,-5.36677,104.93798
21,ANGKLUNG,17TG0125009047,F.ANGKLUNG.000561,PMT ANGKLUNG,-5.36695,104.93783
22,ANGKLUNG,17TG0125009048,F.ANGKLUNG.000562,PMT ANGKLUNG,-5.36699,104.93741
23,ANGKLUNG,17TG0125009049,F.ANGKLUNG.000563,PMT ANGKLUNG,-5.36706,104.93692
24,ANGKLUNG,17TG0125009050,F.ANGKLUNG.000564,PMT ANGKLUNG,-5.36707,104.93639
25,ANGKLUNG,17TG0125009051,F.ANGKLUNG.000565,PMT ANGKLUNG,-5.36702,104.93597
26,ANGKLUNG,17TG0125002019,F.ANGKLUNG.000208,FCO JATI AGUNG,-5.39278,104.93566
27,ANGKLUNG,17TG0125002020,F.ANGKLUNG.000209,FCO JATI AGUNG,-5.39274,104.93607
28,ANGKLUNG,17TG0125002021,F.ANGKLUNG.000210,FCO JATI AGUNG,-5.39272,104.93647
29,ANGKLUNG,17TG0125002022,F.ANGKLUNG.000211,FCO JATI AGUNG,-5.39270,104.93688
30,ANGKLUNG,17TG0125002023,F.ANGKLUNG.000212,FCO JATI AGUNG,-5.39267,104.93735
31,ANGKLUNG,17TG0125002024,F.ANGKLUNG.000213,FCO JATI AGUNG,-5.39266,104.93778
32,ANGKLUNG,17TG0125002025,F.ANGKLUNG.000214,FCO JATI AGUNG,-5.39264,104.93819
33,ANGKLUNG,17TG0125002026,F.ANGKLUNG.000215,FCO JATI AGUNG,-5.39262,104.93867
34,ANGKLUNG,17TG0125002027,F.ANGKLUNG.000216,FCO JATI AGUNG,-5.39264,104.93906
35,ANGKLUNG,17TG0125002028,F.ANGKLUNG.000217,FCO JATI AGUNG,-5.39234,104.93899
36,ANGKLUNG,17TG0125002029,F.ANGKLUNG.000218,FCO JATI AGUNG,-5.39184,104.93898
37,ANGKLUNG,17TG0125002030,F.ANGKLUNG.000219,FCO JATI AGUNG,-5.39140,104.93898
38,ANGKLUNG,17TG0125002035,F.ANGKLUNG.000224,FCO JATI AGUNG,-5.39259,104.93945
39,ANGKLUNG,17TG0125002036,F.ANGKLUNG.000225,FCO JATI AGUNG,-5.39257,104.93985
40,ANGKLUNG,17TG0125002037,F.ANGKLUNG.000226,FCO JATI AGUNG,-5.39256,104.94026
41,ANGKLUNG,17TG0125002038,F.ANGKLUNG.000227,FCO JATI AGUNG,-5.39255,104.94068
42,ANGKLUNG,17TG0125002039,F.ANGKLUNG.000228,FCO JATI AGUNG,-5.39253,104.94119
43,ANGKLUNG,17TG0125002040,F.ANGKLUNG.000229,FCO JATI AGUNG,-5.39251,104.94159
44,ANGKLUNG,17TG0125002041,F.ANGKLUNG.000230,FCO JATI AGUNG,-5.39250,104.94205
45,ANGKLUNG,17TG0125002042,F.ANGKLUNG.000231,FCO JATI AGUNG,-5.39247,104.94245
46,ANGKLUNG,17TG0125002043,F.ANGKLUNG.000232,FCO JATI AGUNG,-5.39248,104.94284
47,ANGKLUNG,17TG0125002044,F.ANGKLUNG.000233,FCO JATI AGUNG,-5.39233,104.94331
48,ANGKLUNG,17TG0125002045,F.ANGKLUNG.000234,FCO JATI AGUNG,-5.39196,104.94363
49,ANGKLUNG,17TG0125002046,F.ANGKLUNG.000235,FCO JATI AGUNG,-5.39166,104.94390
50,ANGKLUNG,17TG0125002047,F.ANGKLUNG.000236,FCO JATI AGUNG,-5.39137,104.94417
51,ANGKLUNG,17TG0125002048,F.ANGKLUNG.000237,FCO JATI AGUNG,-5.39108,104.94443
52,ANGKLUNG,17TG0125002049,F.ANGKLUNG.000238,FCO JATI AGUNG,-5.39076,104.94471
53,ANGKLUNG,17TG0125002050,F.ANGKLUNG.000239,FCO JATI AGUNG,-5.39048,104.94497
54,ANGKLUNG,17TG0125002051,F.ANGKLUNG.000240,FCO JATI AGUNG,-5.39019,104.94528
55,ANGKLUNG,17TG0125002052,F.ANGKLUNG.000241,FCO JATI AGUNG,-5.39005,104.94561
56,ANGKLUNG,17TG0125002053,F.ANGKLUNG.000242,FCO JATI AGUNG,-5.38994,104.94599
57,ANGKLUNG,17TG0125002054,F.ANGKLUNG.000243,FCO JATI AGUNG,-5.38982,104.94642
58,ANGKLUNG,17TG0125002055,F.ANGKLUNG.000244,FCO JATI AGUNG,-5.38971,104.94682
59,ANGKLUNG,17TG0125002056,F.ANGKLUNG.000245,FCO JATI AGUNG,-5.38958,104.94723
60,ANGKLUNG,17TG0125002057,F.ANGKLUNG.000246,FCO JATI AGUNG,-5.38946,104.94766
61,ANGKLUNG,17TG0125002058,F.ANGKLUNG.000247,FCO JATI AGUNG,-5.38934,104.94806
62,ANGKLUNG,17TG0125002059,F.ANGKLUNG.000248,FCO JATI AGUNG,-5.38927,104.94846
63,ANGKLUNG,17TG0125002060,F.ANGKLUNG.000249,FCO JATI AGUNG,-5.38923,104.94884
64,ANGKLUNG,17TG0125002061,F.ANGKLUNG.000250,FCO JATI AGUNG,-5.38923,104.94922
65,ANGKLUNG,17TG0125002062,F.ANGKLUNG.000251,FCO JATI AGUNG,-5.38926,104.94965
66,ANGKLUNG,17TG0125002063,F.ANGKLUNG.000252,FCO JATI AGUNG,-5.38922,104.95016
67,ANGKLUNG,17TG0125002064,F.ANGKLUNG.000253,FCO JATI AGUNG,-5.38922,104.95059
68,ANGKLUNG,17TG0125002065,F.ANGKLUNG.000254,FCO JATI AGUNG,-5.38927,104.95106
69,ANGKLUNG,17TG0125002066,F.ANGKLUNG.000255,FCO JATI AGUNG,-5.38913,104.95146
70,ANGKLUNG,17TG0125002067,F.ANGKLUNG.000256,FCO JATI AGUNG,-5.38891,104.95193
71,ANGKLUNG,17TG0125002068,F.ANGKLUNG.000257,FCO JATI AGUNG,-5.38874,104.95233
72,ANGKLUNG,17TG0125002069,F.ANGKLUNG.000258,FCO JATI AGUNG,-5.38855,104.95272
73,ANGKLUNG,17TG0125002070,F.ANGKLUNG.000259,FCO JATI AGUNG,-5.38835,104.95314
74,ANGKLUNG,17TG0125002071,F.ANGKLUNG.000260,FCO JATI AGUNG,-5.38818,104.95355
75,ANGKLUNG,17TG0125002072,F.ANGKLUNG.000261,FCO JATI AGUNG,-5.38808,104.95400
76,ANGKLUNG,17TG0125002073,F.ANGKLUNG.000262,FCO JATI AGUNG,-5.38801,104.95440
77,ANGKLUNG,17TG0125010081,F.ANGKLUNG.000588,FCO JATI AGUNG,-5.39263,104.93893
78,ANGKLUNG,17TG0125010082,F.ANGKLUNG.000589,FCO JATI AGUNG,-5.39305,104.93893
79,ANGKLUNG,17TG0125010083,F.ANGKLUNG.000590,FCO JATI AGUNG,-5.39349,104.93893
80,ANGKLUNG,17TG0125010084,F.ANGKLUNG.000591,FCO JATI AGUNG,-5.39392,104.93892
81,ANGKLUNG,17TG0125010085,F.ANGKLUNG.000592,FCO JATI AGUNG,-5.39434,104.93892
82,ANGKLUNG,17TG0125010086,F.ANGKLUNG.000593,FCO JATI AGUNG,-5.39477,104.93892
83,ANGKLUNG,17TG0125010087,F.ANGKLUNG.000594,FCO JATI AGUNG,-5.39520,104.93892
84,ANGKLUNG,17TG0125010088,F.ANGKLUNG.000595,FCO JATI AGUNG,-5.39563,104.93892
85,ANGKLUNG,17TG0125010089,F.ANGKLUNG.000596,FCO JATI AGUNG,-5.39606,104.93891
86,ANGKLUNG,17TG0125010090,F.ANGKLUNG.000597,FCO JATI AGUNG,-5.39649,104.93892
87,ANGKLUNG,17TG0125010091,F.ANGKLUNG.000598,FCO JATI AGUNG,-5.39693,104.93891
88,ANGKLUNG,17TG0125010092,F.ANGKLUNG.000599,FCO JATI AGUNG,-5.39741,104.93894
89,ANGKLUNG,17TG0125010093,F.ANGKLUNG.000600,FCO JATI AGUNG,-5.39747,104.93937
90,ANGKLUNG,17TG0125010094,F.ANGKLUNG.000601,FCO JATI AGUNG,-5.39752,104.93980
91,ANGKLUNG,17TG0125010095,F.ANGKLUNG.000602,FCO JATI AGUNG,-5.39757,104.94022
92,ANGKLUNG,17TG0125010096,F.ANGKLUNG.000603,FCO JATI AGUNG,-5.39762,104.94067
93,ANGKLUNG,17TG0125010097,F.ANGKLUNG.000604,FCO JATI AGUNG,-5.39768,104.94110
94,ANGKLUNG,17TG0125010098,F.ANGKLUNG.000605,FCO JATI AGUNG,-5.39773,104.94152
95,ANGKLUNG,17TG0125010099,F.ANGKLUNG.000606,FCO JATI AGUNG,-5.39778,104.94192
96,ANGKLUNG,17TG0125010100,F.ANGKLUNG.000607,FCO JATI AGUNG,-5.39783,104.94231
97,ANGKLUNG,17TG01L1014210,F.ANGKLUNG.000628,FCO JATI AGUNG,-5.39333,104.92653
98,ANGKLUNG,17TG01L1014211,F.ANGKLUNG.000629,FCO JATI AGUNG,-5.39333,104.92630
99,ANGKLUNG,17TG0125002189,F.ANGKLUNG.000378,FCO KRESNO MULYO,-5.41374,104.92046
100,ANGKLUNG,17TG0125002190,F.ANGKLUNG.000379,FCO KRESNO MULYO,-5.41425,104.92045
101,ANGKLUNG,17TG0125002191,F.ANGKLUNG.000380,FCO KRESNO MULYO,-5.41478,104.92044
102,ANGKLUNG,17TG0125002192,F.ANGKLUNG.000381,FCO KRESNO MULYO,-5.41532,104.92040
103,ANGKLUNG,17TG0125002193,F.ANGKLUNG.000382,FCO KRESNO MULYO,-5.41588,104.92038
104,ANGKLUNG,17TG0125002194,F.ANGKLUNG.000383,FCO KRESNO MULYO,-5.41639,104.92036
105,ANGKLUNG,17TG0125002195,F.ANGKLUNG.000384,FCO KRESNO MULYO,-5.41695,104.92036
106,ANGKLUNG,17TG0125002196,F.ANGKLUNG.000385,FCO KRESNO MULYO,-5.41729,104.92039
107,ANGKLUNG,17TG0125002197,F.ANGKLUNG.000386,FCO KRESNO MULYO,-5.41781,104.92033
108,ANGKLUNG,17TG0125002198,F.ANGKLUNG.000387,FCO KRESNO MULYO,-5.41835,104.92032
109,ANGKLUNG,17TG0125002199,F.ANGKLUNG.000388,FCO KRESNO MULYO,-5.41891,104.92036
110,ANGKLUNG,17TG0125002200,F.ANGKLUNG.000389,FCO KRESNO MULYO,-5.41936,104.92044
111,ANGKLUNG,17TG0125002201,F.ANGKLUNG.000390,FCO KRESNO MULYO,-5.42099,104.91512
112,ANGKLUNG,17TG0125002202,F.ANGKLUNG.000391,FCO KRESNO MULYO,-5.42055,104.91507
113,ANGKLUNG,17TG0125002203,F.ANGKLUNG.000392,FCO KRESNO MULYO,-5.42009,104.91505
114,ANGKLUNG,17TG0125002204,F.ANGKLUNG.000393,FCO KRESNO MULYO,-5.41960,104.91505
115,ANGKLUNG,17TG0125002205,F.ANGKLUNG.000394,FCO KRESNO MULYO,-5.41914,104.91510
116,ANGKLUNG,17TG0125002206,F.ANGKLUNG.000395,FCO KRESNO MULYO,-5.41918,104.91554
117,ANGKLUNG,17TG0125002207,F.ANGKLUNG.000396,FCO KRESNO MULYO,-5.41914,104.91598
118,ANGKLUNG,17TG0125002208,F.ANGKLUNG.000397,FCO KRESNO MULYO,-5.41878,104.91599
119,ANGKLUNG,17TG0125002209,F.ANGKLUNG.000398,FCO KRESNO MULYO,-5.41836,104.91604
120,ANGKLUNG,17TG0125002210,F.ANGKLUNG.000399,FCO KRESNO MULYO,-5.41801,104.91607
121,ANGKLUNG,17TG0125002211,F.ANGKLUNG.000400,FCO KRESNO MULYO,-5.41754,104.91603
122,ANGKLUNG,17TG0125002212,F.ANGKLUNG.000401,FCO KRESNO MULYO,-5.41707,104.91608
123,ANGKLUNG,17TG0125002213,F.ANGKLUNG.000402,FCO KRESNO MULYO,-5.41714,104.91664
124,ANGKLUNG,17TG0125002214,F.ANGKLUNG.000403,FCO KRESNO MULYO,-5.41721,104.91728
125,ANGKLUNG,17TG0125002215,F.ANGKLUNG.000404,FCO KRESNO MULYO,-5.41724,104.91769
126,ANGKLUNG,17TG0125002216,F.ANGKLUNG.000405,FCO KRESNO MULYO,-5.41726,104.91812
127,ANGKLUNG,17TG0125002217,F.ANGKLUNG.000406,FCO KRESNO MULYO,-5.41729,104.91859
128,ANGKLUNG,17TG0125002218,F.ANGKLUNG.000407,FCO KRESNO MULYO,-5.41731,104.91904
129,ANGKLUNG,17TG0125002219,F.ANGKLUNG.000408,FCO KRESNO MULYO,-5.41732,104.91948
130,ANGKLUNG,17TG0125002220,F.ANGKLUNG.000409,FCO KRESNO MULYO,-5.41731,104.91996
131,ANGKLUNG,17TG0125002221,F.ANGKLUNG.000410,FCO KRESNO MULYO,-5.41944,104.92090
132,ANGKLUNG,17TG0125002222,F.ANGKLUNG.000411,FCO KRESNO MULYO,-5.41950,104.92133
133,ANGKLUNG,17TG0125002223,F.ANGKLUNG.000412,FCO KRESNO MULYO,-5.41957,104.92178
134,ANGKLUNG,17TG0125002224,F.ANGKLUNG.000413,FCO KRESNO MULYO,-5.41974,104.92215
135,ANGKLUNG,17TG0125002225,F.ANGKLUNG.000414,FCO KRESNO MULYO,-5.41996,104.92259
136,ANGKLUNG,17TG0125002226,F.ANGKLUNG.000415,FCO KRESNO MULYO,-5.42014,104.92305
137,ANGKLUNG,17TG0125002227,F.ANGKLUNG.000416,FCO KRESNO MULYO,-5.42032,104.92347
138,ANGKLUNG,17TG0125002228,F.ANGKLUNG.000417,FCO KRESNO MULYO,-5.42049,104.92390
139,ANGKLUNG,17TG0125002229,F.ANGKLUNG.000418,FCO KRESNO MULYO,-5.42067,104.92430
140,ANGKLUNG,17TG0125002230,F.ANGKLUNG.000419,FCO KRESNO MULYO,-5.42087,104.92473
141,ANGKLUNG,17TG0125002231,F.ANGKLUNG.000420,FCO KRESNO MULYO,-5.42103,104.92521
142,ANGKLUNG,17TG0125002232,F.ANGKLUNG.000421,FCO KRESNO MULYO,-5.42125,104.92564
143,ANGKLUNG,17TG0125002233,F.ANGKLUNG.000422,FCO KRESNO MULYO,-5.42144,104.92613
144,ANGKLUNG,17TG0125002234,F.ANGKLUNG.000423,FCO KRESNO MULYO,-5.42150,104.92658
145,ANGKLUNG,17TG0125002235,F.ANGKLUNG.000424,FCO KRESNO MULYO,-5.42144,104.92706
146,ANGKLUNG,17TG0125002236,F.ANGKLUNG.000425,FCO KRESNO MULYO,-5.42133,104.92755
147,ANGKLUNG,17TG0125002237,F.ANGKLUNG.000426,FCO KRESNO MULYO,-5.42122,104.92806
148,ANGKLUNG,17TG0125002238,F.ANGKLUNG.000427,FCO KRESNO MULYO,-5.42116,104.92854
149,ANGKLUNG,17TG0125002239,F.ANGKLUNG.000428,FCO KRESNO MULYO,-5.42111,104.92906
150,ANGKLUNG,17TG0125002240,F.ANGKLUNG.000429,FCO KRESNO MULYO,-5.42108,104.92953
151,ANGKLUNG,17TG0125002241,F.ANGKLUNG.000430,FCO KRESNO MULYO,-5.42105,104.93001
152,ANGKLUNG,17TG0125002242,F.ANGKLUNG.000431,FCO KRESNO MULYO,-5.42101,104.93052
153,ANGKLUNG,17TG0125002243,F.ANGKLUNG.000432,FCO KRESNO MULYO,-5.42100,104.93102
154,ANGKLUNG,17TG0125002244,F.ANGKLUNG.000433,FCO KRESNO MULYO,-5.42098,104.93147
155,ANGKLUNG,17TG0125002245,F.ANGKLUNG.000434,FCO KRESNO MULYO,-5.42095,104.93192
156,ANGKLUNG,17TG0125002246,F.ANGKLUNG.000435,FCO KRESNO MULYO,-5.42092,104.93244
157,ANGKLUNG,17TG0125002247,F.ANGKLUNG.000436,FCO KRESNO MULYO,-5.42090,104.93295
158,ANGKLUNG,17TG0125002248,F.ANGKLUNG.000437,FCO KRESNO MULYO,-5.42087,104.93348
159,ANGKLUNG,17TG0125002249,F.ANGKLUNG.000438,FCO KRESNO MULYO,-5.42084,104.93398
160,ANGKLUNG,17TG0125002250,F.ANGKLUNG.000439,FCO KRESNO MULYO,-5.42087,104.93445
161,ANGKLUNG,17TG0125010036,F.ANGKLUNG.000587,FCO KRESNO MULYO,-5.41785,104.92053
162,ANGKLUNG,17TG0125010111,F.ANGKLUNG.000608,FCO KRESNO MULYO,-5.42349,104.91989
163,ANGKLUNG,17TG0125002031,F.ANGKLUNG.000220,FCO KURNIA JAYA,-5.39093,104.93897
164,ANGKLUNG,17TG0125002032,F.ANGKLUNG.000221,FCO KURNIA JAYA,-5.39092,104.93862
165,ANGKLUNG,17TG0125002033,F.ANGKLUNG.000222,FCO KURNIA JAYA,-5.39049,104.93865
166,ANGKLUNG,17TG0125002034,F.ANGKLUNG.000223,FCO KURNIA JAYA,-5.39052,104.93872
167,ANGKLUNG,17TG01L1014208,F.ANGKLUNG.000626,FCO KURNIA JAYA,-5.39103,104.93904
168,ANGKLUNG,17TG01L1014209,F.ANGKLUNG.000627,FCO KURNIA JAYA,-5.39112,104.93926
169,ANGKLUNG,17TG0125001994,F.ANGKLUNG.000183,FCO PU026 KRAWANG,-5.41097,104.96074
170,ANGKLUNG,17TG0125001995,F.ANGKLUNG.000184,FCO PU026 KRAWANG,-5.41090,104.96119
171,ANGKLUNG,17TG0125001996,F.ANGKLUNG.000185,FCO PU026 KRAWANG,-5.41083,104.96162
172,ANGKLUNG,17TG0125001997,F.ANGKLUNG.000186,FCO PU026 KRAWANG,-5.41077,104.96207
173,ANGKLUNG,17TG0125001998,F.ANGKLUNG.000187,FCO PU026 KRAWANG,-5.41071,104.96252
174,ANGKLUNG,17TG0125001999,F.ANGKLUNG.000188,FCO PU026 KRAWANG,-5.41069,104.96295
175,ANGKLUNG,17TG0125002000,F.ANGKLUNG.000189,FCO PU026 KRAWANG,-5.41066,104.96350
176,ANGKLUNG,17TG0125002001,F.ANGKLUNG.000190,FCO PU026 KRAWANG,-5.41063,104.96404
177,ANGKLUNG,17TG0125002002,F.ANGKLUNG.000191,FCO PU026 KRAWANG,-5.41060,104.96456
178,ANGKLUNG,17TG0125002003,F.ANGKLUNG.000192,FCO PU026 KRAWANG,-5.41056,104.96510
179,ANGKLUNG,17TG0125002004,F.ANGKLUNG.000193,FCO PU026 KRAWANG,-5.41052,104.96572
180,ANGKLUNG,17TG0125002005,F.ANGKLUNG.000194,FCO PU026 KRAWANG,-5.41049,104.96630
181,ANGKLUNG,17TG0125002006,F.ANGKLUNG.000195,FCO PU026 KRAWANG,-5.41046,104.96682
182,ANGKLUNG,17TG0125002007,F.ANGKLUNG.000196,FCO PU026 KRAWANG,-5.41043,104.96739
183,ANGKLUNG,17TG0125002008,F.ANGKLUNG.000197,FCO PU026 KRAWANG,-5.41039,104.96778
184,ANGKLUNG,17TG0125002009,F.ANGKLUNG.000198,FCO PU026 KRAWANG,-5.41036,104.96821
185,ANGKLUNG,17TG0125002010,F.ANGKLUNG.000199,FCO PU026 KRAWANG,-5.41033,104.96865
186,ANGKLUNG,17TG0125002011,F.ANGKLUNG.000200,FCO PU026 KRAWANG,-5.41027,104.96909
187,ANGKLUNG,17TG0125002012,F.ANGKLUNG.000201,FCO PU026 KRAWANG,-5.41023,104.96954
188,ANGKLUNG,17TG0125002013,F.ANGKLUNG.000202,FCO PU026 KRAWANG,-5.41017,104.97027
189,ANGKLUNG,17TG0125002014,F.ANGKLUNG.000203,FCO PU026 KRAWANG,-5.41011,104.97091
190,ANGKLUNG,17TG0125002015,F.ANGKLUNG.000204,FCO PU026 KRAWANG,-5.41007,104.97131
191,ANGKLUNG,17TG0125002016,F.ANGKLUNG.000205,FCO PU026 KRAWANG,-5.41003,104.97174
192,ANGKLUNG,17TG0125002017,F.ANGKLUNG.000206,FCO PU026 KRAWANG,-5.40997,104.97217
193,ANGKLUNG,17TG0125002085,F.ANGKLUNG.000274,FCO PU026 KRAWANG,-5.40991,104.96735
194,ANGKLUNG,17TG0125002086,F.ANGKLUNG.000275,FCO PU026 KRAWANG,-5.40931,104.96729
195,ANGKLUNG,17TG0125002087,F.ANGKLUNG.000276,FCO PU026 KRAWANG,-5.40893,104.96763
196,ANGKLUNG,17TG0125002088,F.ANGKLUNG.000277,FCO PU026 KRAWANG,-5.40874,104.96812
197,ANGKLUNG,17TG0125002089,F.ANGKLUNG.000278,FCO PU026 KRAWANG,-5.40872,104.96861
198,ANGKLUNG,17TG0125002090,F.ANGKLUNG.000279,FCO PU026 KRAWANG,-5.40862,104.96898
199,ANGKLUNG,17TG0125002091,F.ANGKLUNG.000280,FCO PU026 KRAWANG,-5.40824,104.96930
200,ANGKLUNG,17TG0125002092,F.ANGKLUNG.000281,FCO PU026 KRAWANG,-5.40791,104.96957
201,ANGKLUNG,17TG0125002093,F.ANGKLUNG.000282,FCO PU026 KRAWANG,-5.40765,104.96986
202,ANGKLUNG,17TG0125002094,F.ANGKLUNG.000283,FCO PU026 KRAWANG,-5.40727,104.96996
203,ANGKLUNG,17TG0125002095,F.ANGKLUNG.000284,FCO PU026 KRAWANG,-5.40728,104.97043
204,ANGKLUNG,17TG0125002096,F.ANGKLUNG.000285,FCO PU026 KRAWANG,-5.40731,104.97094
205,ANGKLUNG,17TG01L1015186,F.ANGKLUNG.000675,FCO PU026 KRAWANG,-5.40740,104.97042
206,ANGKLUNG,17TG0125002171,F.ANGKLUNG.000360,FCO PU177,-5.41057,104.91247
207,ANGKLUNG,17TG0125002172,F.ANGKLUNG.000361,FCO PU177,-5.41002,104.91241
208,ANGKLUNG,17TG0125002173,F.ANGKLUNG.000362,FCO PU177,-5.40952,104.91244
209,ANGKLUNG,17TG0125002174,F.ANGKLUNG.000363,FCO PU177,-5.40897,104.91249
210,ANGKLUNG,17TG0125002175,F.ANGKLUNG.000364,FCO PU177,-5.40845,104.91256
211,ANGKLUNG,17TG0125002176,F.ANGKLUNG.000365,FCO PU177,-5.40795,104.91257
212,ANGKLUNG,17TG0125002177,F.ANGKLUNG.000366,FCO PU177,-5.40739,104.91256
213,ANGKLUNG,17TG0125002178,F.ANGKLUNG.000367,FCO PU177,-5.40690,104.91245
214,ANGKLUNG,17TG0125002179,F.ANGKLUNG.000368,FCO PU177,-5.40642,104.91219
215,ANGKLUNG,17TG0125002180,F.ANGKLUNG.000369,FCO PU177,-5.40595,104.91194
216,ANGKLUNG,17TG0125002181,F.ANGKLUNG.000370,FCO PU177,-5.40543,104.91179
217,ANGKLUNG,17TG0125002182,F.ANGKLUNG.000371,FCO PU177,-5.40489,104.91168
218,ANGKLUNG,17TG0125002183,F.ANGKLUNG.000372,FCO PU177,-5.40437,104.91182
219,ANGKLUNG,17TG0125002184,F.ANGKLUNG.000373,FCO PU177,-5.40381,104.91192
220,ANGKLUNG,17TG0125002185,F.ANGKLUNG.000374,FCO PU177,-5.40363,104.91146
221,ANGKLUNG,17TG0125002186,F.ANGKLUNG.000375,FCO PU177,-5.40343,104.91096
222,ANGKLUNG,17TG0125002187,F.ANGKLUNG.000376,FCO PU177,-5.40323,104.91044
223,ANGKLUNG,17TG01L1015182,F.ANGKLUNG.000671,FCO PU177,-5.41405,104.90822
224,ANGKLUNG,17TG01L1015183,F.ANGKLUNG.000672,FCO PU177,-5.41405,104.90779
225,ANGKLUNG,17TG01L1015184,F.ANGKLUNG.000673,FCO PU177,-5.41406,104.90737
226,ANGKLUNG,17TG01L1015185,F.ANGKLUNG.000674,FCO PU177,-5.41409,104.90707
227,ANGKLUNG,17TG01L1015192,F.ANGKLUNG.000654,FCO PU177,-5.41047,104.91200
228,ANGKLUNG,17TG01L1015193,F.ANGKLUNG.000655,FCO PU177,-5.41071,104.91193
229,ANGKLUNG,17TG01L1015194,F.ANGKLUNG.000656,FCO PU177,-5.41116,104.91190
230,ANGKLUNG,17TG01L1015195,F.ANGKLUNG.000657,FCO PU177,-5.41152,104.91186
231,ANGKLUNG,17TG01L1015196,F.ANGKLUNG.000658,FCO PU177,-5.41189,104.91183
232,ANGKLUNG,17TG01L1015197,F.ANGKLUNG.000659,FCO PU177,-5.41224,104.91180
233,ANGKLUNG,17TG01L1015218,F.ANGKLUNG.000660,FCO PU177,-5.41265,104.91176
234,ANGKLUNG,17TG01L1015219,F.ANGKLUNG.000661,FCO PU177,-5.41297,104.91173
235,ANGKLUNG,17TG01L1015220,F.ANGKLUNG.000662,FCO PU177,-5.41325,104.91170
236,ANGKLUNG,17TG01L1015221,F.ANGKLUNG.000663,FCO PU177,-5.41352,104.91167
237,ANGKLUNG,17TG01L1015222,F.ANGKLUNG.000664,FCO PU177,-5.41395,104.91164
238,ANGKLUNG,17TG01L1015223,F.ANGKLUNG.000665,FCO PU177,-5.41402,104.91130
239,ANGKLUNG,17TG01L1015224,F.ANGKLUNG.000666,FCO PU177,-5.41408,104.91079
240,ANGKLUNG,17TG01L1015225,F.ANGKLUNG.000667,FCO PU177,-5.41413,104.91032
241,ANGKLUNG,17TG01L1015226,F.ANGKLUNG.000668,FCO PU177,-5.41412,104.90982
242,ANGKLUNG,17TG01L1015227,F.ANGKLUNG.000669,FCO PU177,-5.41409,104.90937
243,ANGKLUNG,17TG01L1015228,F.ANGKLUNG.000670,FCO PU177,-5.41405,104.90885
244,ANGKLUNG,17TG0125002129,F.ANGKLUNG.000318,FCO SUMBER AGUNG,-5.41357,104.93013
245,ANGKLUNG,17TG0125002130,F.ANGKLUNG.000319,FCO SUMBER AGUNG,-5.41354,104.92964
246,ANGKLUNG,17TG0125002131,F.ANGKLUNG.000320,FCO SUMBER AGUNG,-5.41353,104.92919
247,ANGKLUNG,17TG0125002132,F.ANGKLUNG.000321,FCO SUMBER AGUNG,-5.41351,104.92874
248,ANGKLUNG,17TG0125002133,F.ANGKLUNG.000322,FCO SUMBER AGUNG,-5.41349,104.92830
249,ANGKLUNG,17TG0125002134,F.ANGKLUNG.000323,FCO SUMBER AGUNG,-5.41349,104.92788
250,ANGKLUNG,17TG0125002135,F.ANGKLUNG.000324,FCO SUMBER AGUNG,-5.41347,104.92743
251,ANGKLUNG,17TG0125002136,F.ANGKLUNG.000325,FCO SUMBER AGUNG,-5.41346,104.92698
252,ANGKLUNG,17TG0125002137,F.ANGKLUNG.000326,FCO SUMBER AGUNG,-5.41344,104.92653
253,ANGKLUNG,17TG0125002138,F.ANGKLUNG.000327,FCO SUMBER AGUNG,-5.41341,104.92607
254,ANGKLUNG,17TG0125002139,F.ANGKLUNG.000328,FCO SUMBER AGUNG,-5.41339,104.92563
255,ANGKLUNG,17TG0125002140,F.ANGKLUNG.000329,FCO SUMBER AGUNG,-5.41336,104.92517
256,ANGKLUNG,17TG0125002141,F.ANGKLUNG.000330,FCO SUMBER AGUNG,-5.41336,104.92476
257,ANGKLUNG,17TG0125002142,F.ANGKLUNG.000331,FCO SUMBER AGUNG,-5.41334,104.92433
258,ANGKLUNG,17TG0125002143,F.ANGKLUNG.000332,FCO SUMBER AGUNG,-5.41331,104.92389
259,ANGKLUNG,17TG0125002144,F.ANGKLUNG.000333,FCO SUMBER AGUNG,-5.41329,104.92344
260,ANGKLUNG,17TG0125002145,F.ANGKLUNG.000334,FCO SUMBER AGUNG,-5.41327,104.92301
261,ANGKLUNG,17TG0125002146,F.ANGKLUNG.000335,FCO SUMBER AGUNG,-5.41325,104.92266
262,ANGKLUNG,17TG0125002147,F.ANGKLUNG.000336,FCO SUMBER AGUNG,-5.41322,104.92225
263,ANGKLUNG,17TG0125002148,F.ANGKLUNG.000337,FCO SUMBER AGUNG,-5.41320,104.92184
264,ANGKLUNG,17TG0125002149,F.ANGKLUNG.000338,FCO SUMBER AGUNG,-5.41317,104.92154
265,ANGKLUNG,17TG0125002150,F.ANGKLUNG.000339,FCO SUMBER AGUNG,-5.41317,104.92112
266,ANGKLUNG,17TG0125002151,F.ANGKLUNG.000340,FCO SUMBER AGUNG,-5.41314,104.92079
267,ANGKLUNG,17TG0125002152,F.ANGKLUNG.000341,FCO SUMBER AGUNG,-5.41307,104.92033
268,ANGKLUNG,17TG0125002153,F.ANGKLUNG.000342,FCO SUMBER AGUNG,-5.41309,104.92000
269,ANGKLUNG,17TG0125002154,F.ANGKLUNG.000343,FCO SUMBER AGUNG,-5.41303,104.91961
270,ANGKLUNG,17TG0125002155,F.ANGKLUNG.000344,FCO SUMBER AGUNG,-5.41291,104.91927
271,ANGKLUNG,17TG0125002156,F.ANGKLUNG.000345,FCO SUMBER AGUNG,-5.41279,104.91892
272,ANGKLUNG,17TG0125002157,F.ANGKLUNG.000346,FCO SUMBER AGUNG,-5.41263,104.91839
273,ANGKLUNG,17TG0125002158,F.ANGKLUNG.000347,FCO SUMBER AGUNG,-5.41250,104.91796
274,ANGKLUNG,17TG0125002159,F.ANGKLUNG.000348,FCO SUMBER AGUNG,-5.41238,104.91753
275,ANGKLUNG,17TG0125002160,F.ANGKLUNG.000349,FCO SUMBER AGUNG,-5.41218,104.91711
276,ANGKLUNG,17TG0125002161,F.ANGKLUNG.000350,FCO SUMBER AGUNG,-5.41171,104.91685
277,ANGKLUNG,17TG0125002162,F.ANGKLUNG.000351,FCO SUMBER AGUNG,-5.41155,104.91648
278,ANGKLUNG,17TG0125002163,F.ANGKLUNG.000352,FCO SUMBER AGUNG,-5.41139,104.91607
279,ANGKLUNG,17TG0125002164,F.ANGKLUNG.000353,FCO SUMBER AGUNG,-5.41122,104.91565
280,ANGKLUNG,17TG0125002165,F.ANGKLUNG.000354,FCO SUMBER AGUNG,-5.41107,104.91523
281,ANGKLUNG,17TG0125002166,F.ANGKLUNG.000355,FCO SUMBER AGUNG,-5.41097,104.91479
282,ANGKLUNG,17TG0125002167,F.ANGKLUNG.000356,FCO SUMBER AGUNG,-5.41088,104.91436
283,ANGKLUNG,17TG0125002168,F.ANGKLUNG.000357,FCO SUMBER AGUNG,-5.41081,104.91392
284,ANGKLUNG,17TG0125002169,F.ANGKLUNG.000358,FCO SUMBER AGUNG,-5.41075,104.91347
285,ANGKLUNG,17TG0125002170,F.ANGKLUNG.000359,FCO SUMBER AGUNG,-5.41066,104.91294
286,ANGKLUNG,17TG0125002188,F.ANGKLUNG.000377,FCO SUMBER AGUNG,-5.41328,104.92046
287,ANGKLUNG,17TG0125001966,F.ANGKLUNG.000155,LBSM AMBARAWA,-5.40541,104.96008
288,ANGKLUNG,17TG0125001967,F.ANGKLUNG.000156,LBSM AMBARAWA,-5.40601,104.96012
289,ANGKLUNG,17TG0125001968,F.ANGKLUNG.000157,LBSM AMBARAWA,-5.40669,104.96010
290,ANGKLUNG,17TG0125001969,F.ANGKLUNG.000158,LBSM AMBARAWA,-5.40732,104.96013
291,ANGKLUNG,17TG0125001970,F.ANGKLUNG.000159,LBSM AMBARAWA,-5.40752,104.96017
292,ANGKLUNG,17TG0125001971,F.ANGKLUNG.000160,LBSM AMBARAWA,-5.40792,104.96016
293,ANGKLUNG,17TG0125001972,F.ANGKLUNG.000161,LBSM AMBARAWA,-5.40857,104.96018
294,ANGKLUNG,17TG0125001973,F.ANGKLUNG.000162,LBSM AMBARAWA,-5.40916,104.96020
295,ANGKLUNG,17TG0125001974,F.ANGKLUNG.000163,LBSM AMBARAWA,-5.40985,104.96022
296,ANGKLUNG,17TG0125001975,F.ANGKLUNG.000164,LBSM AMBARAWA,-5.41047,104.96025
297,ANGKLUNG,17TG0125001976,F.ANGKLUNG.000165,LBSM AMBARAWA,-5.41107,104.96030
298,ANGKLUNG,17TG0125001977,F.ANGKLUNG.000166,LBSM AMBARAWA,-5.41119,104.95952
299,ANGKLUNG,17TG0125001978,F.ANGKLUNG.000167,LBSM AMBARAWA,-5.41128,104.95891
300,ANGKLUNG,17TG0125001979,F.ANGKLUNG.000168,LBSM AMBARAWA,-5.41139,104.95834
301,ANGKLUNG,17TG0125001980,F.ANGKLUNG.000169,LBSM AMBARAWA,-5.41146,104.95774
302,ANGKLUNG,17TG0125001981,F.ANGKLUNG.000170,LBSM AMBARAWA,-5.41158,104.95702
303,ANGKLUNG,17TG0125001982,F.ANGKLUNG.000171,LBSM AMBARAWA,-5.41170,104.95640
304,ANGKLUNG,17TG0125001983,F.ANGKLUNG.000172,LBSM AMBARAWA,-5.41172,104.95581
305,ANGKLUNG,17TG0125001984,F.ANGKLUNG.000173,LBSM AMBARAWA,-5.41178,104.95510
306,ANGKLUNG,17TG0125001985,F.ANGKLUNG.000174,LBSM AMBARAWA,-5.41179,104.95445
307,ANGKLUNG,17TG0125001986,F.ANGKLUNG.000175,LBSM AMBARAWA,-5.41184,104.95384
308,ANGKLUNG,17TG0125001987,F.ANGKLUNG.000176,LBSM AMBARAWA,-5.41192,104.95347
309,ANGKLUNG,17TG0125001988,F.ANGKLUNG.000177,LBSM AMBARAWA,-5.41191,104.95315
310,ANGKLUNG,17TG0125001989,F.ANGKLUNG.000178,LBSM AMBARAWA,-5.41202,104.95261
311,ANGKLUNG,17TG0125001990,F.ANGKLUNG.000179,LBSM AMBARAWA,-5.41227,104.95189
312,ANGKLUNG,17TG0125001991,F.ANGKLUNG.000180,LBSM AMBARAWA,-5.41255,104.95134
313,ANGKLUNG,17TG0125001992,F.ANGKLUNG.000181,LBSM AMBARAWA,-5.41284,104.95079
314,ANGKLUNG,17TG0125001993,F.ANGKLUNG.000182,LBSM AMBARAWA,-5.41314,104.95027
315,ANGKLUNG,17TG0125002097,F.ANGKLUNG.000286,LBSM AMBARAWA,-5.41336,104.94959
316,ANGKLUNG,17TG0125002098,F.ANGKLUNG.000287,LBSM AMBARAWA,-5.41345,104.94898
317,ANGKLUNG,17TG0125002099,F.ANGKLUNG.000288,LBSM AMBARAWA,-5.41358,104.94837
318,ANGKLUNG,17TG0125002100,F.ANGKLUNG.000289,LBSM AMBARAWA,-5.41370,104.94776
319,ANGKLUNG,17TG0125002101,F.ANGKLUNG.000290,LBSM AMBARAWA,-5.41382,104.94714
320,ANGKLUNG,17TG0125002102,F.ANGKLUNG.000291,LBSM AMBARAWA,-5.41388,104.94650
321,ANGKLUNG,17TG0125002103,F.ANGKLUNG.000292,LBSM AMBARAWA,-5.41395,104.94586
322,ANGKLUNG,17TG0125002104,F.ANGKLUNG.000293,LBSM AMBARAWA,-5.41400,104.94523
323,ANGKLUNG,17TG0125002105,F.ANGKLUNG.000294,LBSM AMBARAWA,-5.41406,104.94461
324,ANGKLUNG,17TG0125002106,F.ANGKLUNG.000295,LBSM AMBARAWA,-5.41410,104.94392
325,ANGKLUNG,17TG0125002107,F.ANGKLUNG.000296,LBSM AMBARAWA,-5.41413,104.94328
326,ANGKLUNG,17TG0125002108,F.ANGKLUNG.000297,LBSM AMBARAWA,-5.41415,104.94266
327,ANGKLUNG,17TG0125002109,F.ANGKLUNG.000298,LBSM AMBARAWA,-5.41418,104.94205
328,ANGKLUNG,17TG0125002110,F.ANGKLUNG.000299,LBSM AMBARAWA,-5.41419,104.94139
329,ANGKLUNG,17TG0125002111,F.ANGKLUNG.000300,LBSM AMBARAWA,-5.41419,104.94081
330,ANGKLUNG,17TG0125002112,F.ANGKLUNG.000301,LBSM AMBARAWA,-5.41415,104.94019
331,ANGKLUNG,17TG0125002113,F.ANGKLUNG.000302,LBSM AMBARAWA,-5.41412,104.93950
332,ANGKLUNG,17TG0125002114,F.ANGKLUNG.000303,LBSM AMBARAWA,-5.41418,104.93889
333,ANGKLUNG,17TG0125002115,F.ANGKLUNG.000304,LBSM AMBARAWA,-5.41421,104.93830
334,ANGKLUNG,17TG0125002116,F.ANGKLUNG.000305,LBSM AMBARAWA,-5.41423,104.93706
335,ANGKLUNG,17TG0125002117,F.ANGKLUNG.000306,LBSM AMBARAWA,-5.41410,104.93640
336,ANGKLUNG,17TG0125002118,F.ANGKLUNG.000307,LBSM AMBARAWA,-5.41398,104.93577
337,ANGKLUNG,17TG0125002119,F.ANGKLUNG.000308,LBSM AMBARAWA,-5.41397,104.93515
338,ANGKLUNG,17TG0125002120,F.ANGKLUNG.000309,LBSM AMBARAWA,-5.41394,104.93452
339,ANGKLUNG,17TG0125002121,F.ANGKLUNG.000310,LBSM AMBARAWA,-5.41387,104.93389
340,ANGKLUNG,17TG0125002122,F.ANGKLUNG.000311,LBSM AMBARAWA,-5.41386,104.93325
341,ANGKLUNG,17TG0125002123,F.ANGKLUNG.000312,LBSM AMBARAWA,-5.41381,104.93283
342,ANGKLUNG,17TG0125002124,F.ANGKLUNG.000313,LBSM AMBARAWA,-5.41378,104.93238
343,ANGKLUNG,17TG0125002125,F.ANGKLUNG.000314,LBSM AMBARAWA,-5.41373,104.93198
344,ANGKLUNG,17TG0125002126,F.ANGKLUNG.000315,LBSM AMBARAWA,-5.41370,104.93155
345,ANGKLUNG,17TG0125002127,F.ANGKLUNG.000316,LBSM AMBARAWA,-5.41365,104.93109
346,ANGKLUNG,17TG0125002128,F.ANGKLUNG.000317,LBSM AMBARAWA,-5.41359,104.93072
347,ANGKLUNG,17TG01L1014194,F.ANGKLUNG.000612,LBSM AMBARAWA,-5.40608,104.95965
348,ANGKLUNG,17TG01L1014195,F.ANGKLUNG.000613,LBSM AMBARAWA,-5.40610,104.95916
349,ANGKLUNG,17TG01L1014196,F.ANGKLUNG.000614,LBSM AMBARAWA,-5.40611,104.95872
350,ANGKLUNG,17TG01L1014197,F.ANGKLUNG.000615,LBSM AMBARAWA,-5.40613,104.95831
351,ANGKLUNG,17TG01L1014198,F.ANGKLUNG.000616,LBSM AMBARAWA,-5.40614,104.95794
352,ANGKLUNG,17TG01L1014199,F.ANGKLUNG.000617,LBSM AMBARAWA,-5.40617,104.95752
353,ANGKLUNG,17TG01L1014200,F.ANGKLUNG.000618,LBSM AMBARAWA,-5.40618,104.95705
354,ANGKLUNG,17TG01L1014201,F.ANGKLUNG.000619,LBSM AMBARAWA,-5.40621,104.95659
355,ANGKLUNG,17TG01L1014202,F.ANGKLUNG.000620,LBSM AMBARAWA,-5.40624,104.95609
356,ANGKLUNG,17TG01L1014203,F.ANGKLUNG.000621,LBSM AMBARAWA,-5.40627,104.95562
357,ANGKLUNG,17TG01L1014204,F.ANGKLUNG.000622,LBSM AMBARAWA,-5.40631,104.95511
358,ANGKLUNG,17TG01L1014205,F.ANGKLUNG.000623,LBSM AMBARAWA,-5.40650,104.95473
359,ANGKLUNG,17TG01L1014206,F.ANGKLUNG.000624,LBSM AMBARAWA,-5.40650,104.95431
360,ANGKLUNG,17TG01L1014207,F.ANGKLUNG.000625,LBSM AMBARAWA,-5.40651,104.95379
361,ANGKLUNG,17TG0124004459,F.GENDANG.000132,LBSM AMBARAWA,-5.41423,104.93755
362,ANGKLUNG,17TG0125002253,F.ANGKLUNG.000442,PMT ANGKLUNG,-5.36722,104.93805
363,ANGKLUNG,17TG0125002254,F.ANGKLUNG.000443,FCO SUMBER AGUNG,-5.41219,104.91724
364,ANGKLUNG,17TG0125002255,F.ANGKLUNG.000444,FCO SUMBER AGUNG,-5.41198,104.91761
365,ANGKLUNG,17TG0125002256,F.ANGKLUNG.000445,FCO SUMBER AGUNG,-5.41175,104.91801
366,ANGKLUNG,17TG0125002257,F.ANGKLUNG.000446,FCO SUMBER AGUNG,-5.41146,104.91849
367,ANGKLUNG,17TG0125002258,F.ANGKLUNG.000447,FCO SUMBER AGUNG,-5.41120,104.91892
368,ANGKLUNG,17TG0125002259,F.ANGKLUNG.000448,FCO SUMBER AGUNG,-5.41093,104.91942
369,ANGKLUNG,17TG0125002260,F.ANGKLUNG.000449,FCO SUMBER AGUNG,-5.41055,104.91975
370,ANGKLUNG,17TG0125002261,F.ANGKLUNG.000450,FCO SUMBER AGUNG,-5.41023,104.91993
371,ANGKLUNG,17TG0125002262,F.ANGKLUNG.000451,FCO SUMBER AGUNG,-5.40972,104.92005
372,ANGKLUNG,17TG0125002263,F.ANGKLUNG.000452,FCO SUMBER AGUNG,-5.40923,104.91999
373,ANGKLUNG,17TG0125002264,F.ANGKLUNG.000453,FCO SUMBER AGUNG,-5.40888,104.91995
374,ANGKLUNG,17TG0125002265,F.ANGKLUNG.000454,FCO SUMBER AGUNG,-5.40843,104.91987
375,ANGKLUNG,17TG0125002266,F.ANGKLUNG.000455,FCO SUMBER AGUNG,-5.40841,104.91987
376,ANGKLUNG,17TG0125002267,F.ANGKLUNG.000456,FCO SUMBER AGUNG,-5.40799,104.91988
377,ANGKLUNG,17TG0125002268,F.ANGKLUNG.000457,FCO SUMBER AGUNG,-5.40754,104.91998
378,ANGKLUNG,17TG0125002269,F.ANGKLUNG.000458,FCO PU026 KRAWANG,-5.40987,104.97260
379,ANGKLUNG,17TG0125002270,F.ANGKLUNG.000459,FCO PU026 KRAWANG,-5.40979,104.97304
380,ANGKLUNG,17TG0125002271,F.ANGKLUNG.000460,FCO PU026 KRAWANG,-5.40972,104.97355
381,ANGKLUNG,17TG0125002272,F.ANGKLUNG.000461,FCO PU026 KRAWANG,-5.40975,104.97390
382,ANGKLUNG,17TG0125002273,F.ANGKLUNG.000462,FCO PU026 KRAWANG,-5.41018,104.97412
383,ANGKLUNG,17TG0125002275,F.ANGKLUNG.000464,PMT ANGKLUNG,-5.39844,104.96063
384,ANGKLUNG,17TG0125002276,F.ANGKLUNG.000465,PMT ANGKLUNG,-5.39851,104.96094
385,ANGKLUNG,17TG0125002277,F.ANGKLUNG.000466,PMT ANGKLUNG,-5.39860,104.96138
386,ANGKLUNG,17TG0125002278,F.ANGKLUNG.000467,PMT ANGKLUNG,-5.39857,104.96169
387,ANGKLUNG,17TG0125002279,F.ANGKLUNG.000468,PMT ANGKLUNG,-5.39863,104.96232
388,ANGKLUNG,17TG0125002280,F.ANGKLUNG.000469,PMT ANGKLUNG,-5.42342,104.92039
389,ANGKLUNG,17TG0125002281,F.ANGKLUNG.000470,PMT ANGKLUNG,-5.42332,104.92092
390,ANGKLUNG,17TG0125002282,F.ANGKLUNG.000471,PMT ANGKLUNG,-5.42278,104.92084
391,ANGKLUNG,17TG0125002283,F.ANGKLUNG.000472,PMT ANGKLUNG,-5.42233,104.92078
392,ANGKLUNG,17TG0125002284,F.ANGKLUNG.000473,PMT ANGKLUNG,-5.42170,104.92069
393,ANGKLUNG,17TG0125002285,F.ANGKLUNG.000474,PMT ANGKLUNG,-5.42125,104.92060
394,ANGKLUNG,17TG0125002286,F.ANGKLUNG.000475,PMT ANGKLUNG,-5.42083,104.92052
395,ANGKLUNG,17TG0125002287,F.ANGKLUNG.000476,PMT ANGKLUNG,-5.42033,104.92046
396,ANGKLUNG,17TG0125002288,F.ANGKLUNG.000477,PMT ANGKLUNG,-5.41988,104.92041
397,ANGKLUNG,17TG0125002289,F.ANGKLUNG.000478,PMT ANGKLUNG,-5.42399,104.91531
398,ANGKLUNG,17TG0125002290,F.ANGKLUNG.000479,PMT ANGKLUNG,-5.42395,104.91569
399,ANGKLUNG,17TG0125002291,F.ANGKLUNG.000480,PMT ANGKLUNG,-5.42389,104.91620
400,ANGKLUNG,17TG0125002292,F.ANGKLUNG.000481,PMT ANGKLUNG,-5.42382,104.91669
401,ANGKLUNG,17TG0125002293,F.ANGKLUNG.000482,PMT ANGKLUNG,-5.42379,104.91716
402,ANGKLUNG,17TG0125002294,F.ANGKLUNG.000483,PMT ANGKLUNG,-5.42374,104.91764
403,ANGKLUNG,17TG0125002295,F.ANGKLUNG.000484,PMT ANGKLUNG,-5.42368,104.91810
404,ANGKLUNG,17TG0125002296,F.ANGKLUNG.000485,PMT ANGKLUNG,-5.42363,104.91854
405,ANGKLUNG,17TG0125002297,F.ANGKLUNG.000486,PMT ANGKLUNG,-5.42358,104.91898
406,ANGKLUNG,17TG0125002298,F.ANGKLUNG.000487,PMT ANGKLUNG,-5.42356,104.91942
407,ANGKLUNG,17TG0125002299,F.ANGKLUNG.000488,PMT ANGKLUNG,-5.36742,104.96875
408,ANGKLUNG,17TG0125002300,F.ANGKLUNG.000489,PMT ANGKLUNG,-5.36713,104.96857
409,ANGKLUNG,17TG0125002301,F.ANGKLUNG.000490,PMT ANGKLUNG,-5.36697,104.96834
410,ANGKLUNG,17TG0125002302,F.ANGKLUNG.000491,PMT ANGKLUNG,-5.36670,104.96809
411,ANGKLUNG,17TG0125008039,F.ANGKLUNG.000510,PMT ANGKLUNG,-5.38883,104.9689
412,ANGKLUNG,17TG0125008040,F.ANGKLUNG.000511,PMT ANGKLUNG,-5.38925,104.96883
413,ANGKLUNG,17TG0125008041,F.ANGKLUNG.000512,PMT ANGKLUNG,-5.38972,104.96876
414,ANGKLUNG,17TG0125008042,F.ANGKLUNG.000513,PMT ANGKLUNG,-5.39016,104.9687
415,ANGKLUNG,17TG0125008043,F.ANGKLUNG.000514,PMT ANGKLUNG,-5.39026,104.96906
416,ANGKLUNG,17TG0125008044,F.ANGKLUNG.000515,PMT ANGKLUNG,-5.39024,104.96956
417,ANGKLUNG,17TG0125008045,F.ANGKLUNG.000516,PMT ANGKLUNG,-5.39021,104.96992
418,ANGKLUNG,17TG0125008046,F.ANGKLUNG.000517,PMT ANGKLUNG,-5.39034,104.96887
419,ANGKLUNG,17TG0125008047,F.ANGKLUNG.000518,PMT ANGKLUNG,-5.39027,104.9687
420,ANGKLUNG,17TG0125008048,F.ANGKLUNG.000519,LBSM AMBARAWA,-5.41206,104.95509
421,ANGKLUNG,17TG0125008049,F.ANGKLUNG.000520,LBSM AMBARAWA,-5.4123,104.9551
422,ANGKLUNG,17TG0125008050,F.ANGKLUNG.000521,LBSM AMBARAWA,-5.41273,104.95513
423,ANGKLUNG,17TG0125008051,F.ANGKLUNG.000522,LBSM AMBARAWA,-5.41311,104.95516
424,ANGKLUNG,17TG0125008052,F.ANGKLUNG.000523,LBSM AMBARAWA,-5.41346,104.95516
425,ANGKLUNG,17TG0125008053,F.ANGKLUNG.000524,LBSM AMBARAWA,-5.41371,104.95518
426,ANGKLUNG,17TG0125008054,F.ANGKLUNG.000525,LBSM AMBARAWA,-5.41416,104.95519
427,ANGKLUNG,17TG0125008055,F.ANGKLUNG.000526,LBSM AMBARAWA,-5.41448,104.95522
428,ANGKLUNG,17TG0125008997,F.ANGKLUNG.000529,PMT ANGKLUNG,-5.41732,104.92083
429,ANGKLUNG,17TG0125008998,F.ANGKLUNG.000530,PMT ANGKLUNG,-5.41727,104.92136
430,ANGKLUNG,17TG0125008999,F.ANGKLUNG.000531,PMT ANGKLUNG,-5.41723,104.92193
431,ANGKLUNG,17TG0125009000,F.ANGKLUNG.000532,REC FAJAR ESUK,-5.38680,104.96418
432,ANGKLUNG,17TG0125009001,F.ANGKLUNG.000533,PMT ANGKLUNG,-5.38631,104.96421
433,ANGKLUNG,17TG0125009002,F.ANGKLUNG.000534,PMT ANGKLUNG,-5.38578,104.96428
434,ANGKLUNG,17TG0125009003,F.ANGKLUNG.000535,PMT ANGKLUNG,-5.39090,104.93823
435,ANGKLUNG,17TG0125009004,F.ANGKLUNG.000536,PMT ANGKLUNG,-5.39262,104.93251
436,ANGKLUNG,17TG0125009005,F.ANGKLUNG.000537,PMT ANGKLUNG,-5.39218,104.93254
437,ANGKLUNG,17TG0125009006,F.ANGKLUNG.000538,PMT ANGKLUNG,-5.39193,104.93256
438,ANGKLUNG,17TG0125009007,F.ANGKLUNG.000539,PMT ANGKLUNG,-5.39147,104.93255
439,ANGKLUNG,17TG0125009008,F.ANGKLUNG.000540,PMT ANGKLUNG,-5.39307,104.93003
440,ANGKLUNG,17TG0125009009,F.ANGKLUNG.000541,PMT ANGKLUNG,-5.39309,104.92954
441,ANGKLUNG,17TG0125009010,F.ANGKLUNG.000542,PMT ANGKLUNG,-5.39310,104.92911
442,ANGKLUNG,17TG0125009011,F.ANGKLUNG.000543,PMT ANGKLUNG,-5.39312,104.92864
443,ANGKLUNG,17TG0125009012,F.ANGKLUNG.000544,PMT ANGKLUNG,-5.39314,104.92829
444,ANGKLUNG,17TG0125009013,F.ANGKLUNG.000545,PMT ANGKLUNG,-5.39316,104.92792
445,ANGKLUNG,17TG0125009014,F.ANGKLUNG.000546,PMT ANGKLUNG,-5.39321,104.92750
446,ANGKLUNG,17TG0125009015,F.ANGKLUNG.000547,PMT ANGKLUNG,-5.39327,104.92692
447,ANGKLUNG,17TG0125009016,F.ANGKLUNG.000548,PMT ANGKLUNG,-5.39288,104.92684
448,ANGKLUNG,17TG0125009017,F.ANGKLUNG.000549,PMT ANGKLUNG,-5.39246,104.92687
449,ANGKLUNG,17TG0125009018,F.ANGKLUNG.000550,PMT ANGKLUNG,-5.39279,104.93528
450,ANGKLUNG,17TG0125009019,F.ANGKLUNG.000551,PMT ANGKLUNG,-5.39282,104.93485
451,ANGKLUNG,17TG0125009020,F.ANGKLUNG.000552,PMT ANGKLUNG,-5.39284,104.93444
452,ANGKLUNG,17TG0125009021,F.ANGKLUNG.000553,PMT ANGKLUNG,-5.39288,104.93392
453,ANGKLUNG,17TG0125009022,F.ANGKLUNG.000554,PMT ANGKLUNG,-5.39290,104.93355
454,ANGKLUNG,17TG0125009023,F.ANGKLUNG.000555,PMT ANGKLUNG,-5.39292,104.93314
455,ANGKLUNG,17TG0125009024,F.ANGKLUNG.000556,PMT ANGKLUNG,-5.39296,104.93255
456,ANGKLUNG,17TG0125009025,F.ANGKLUNG.000557,PMT ANGKLUNG,-5.39297,104.93221
457,ANGKLUNG,17TG0125009026,F.ANGKLUNG.000558,PMT ANGKLUNG,-5.39298,104.93184
458,ANGKLUNG,17TG0125009027,F.ANGKLUNG.000559,PMT ANGKLUNG,-5.39301,104.93141
459,ANGKLUNG,17TG0125009028,F.ANGKLUNG.000560,PMT ANGKLUNG,-5.39304,104.93089
460,ANGKLUNG,17TG0125009052,F.ANGKLUNG.000566,PMT ANGKLUNG,-5.36762,104.93794
461,ANGKLUNG,17TG0125009053,F.ANGKLUNG.000567,PMT ANGKLUNG,-5.36806,104.93798
462,ANGKLUNG,17TG0125009054,F.ANGKLUNG.000568,PMT ANGKLUNG,-5.36842,104.93800
463,ANGKLUNG,17TG0125009055,F.ANGKLUNG.000569,PMT ANGKLUNG,-5.36883,104.93802
464,ANGKLUNG,17TG0125009056,F.ANGKLUNG.000570,PMT ANGKLUNG,-5.36937,104.93805
465,ANGKLUNG,17TG0125009057,F.ANGKLUNG.000571,PMT ANGKLUNG,-5.36943,104.93844
466,ANGKLUNG,17TG0125009058,F.ANGKLUNG.000572,PMT ANGKLUNG,-5.36941,104.93862
467,ANGKLUNG,17TG0125002320,F.PIANO.000018,PMT ANGKLUNG,-5.36556,104.93842
468,ANGKLUNG,17TG0125002321,F.PIANO.000019,PMT ANGKLUNG,-5.36542,104.93879
469,ANGKLUNG,17TG0125002322,F.PIANO.000020,PMT ANGKLUNG,-5.36521,104.93928
470,ANGKLUNG,17TG0125002323,F.PIANO.000021,PMT ANGKLUNG,-5.36505,104.93962
471,ANGKLUNG,17TG0125002324,F.PIANO.000022,PMT ANGKLUNG,-5.36472,104.94003
472,ANGKLUNG,17TG0125002325,F.PIANO.000023,PMT ANGKLUNG,-5.36443,104.94036
473,ANGKLUNG,17TG0125002326,F.PIANO.000024,PMT ANGKLUNG,-5.36403,104.94069
474,ANGKLUNG,17TG0125002327,F.PIANO.000025,PMT ANGKLUNG,-5.36365,104.94105
475,ANGKLUNG,17TG0125002328,F.PIANO.000026,PMT ANGKLUNG,-5.36333,104.94132
476,ANGKLUNG,17TG0125002329,F.PIANO.000027,PMT ANGKLUNG,-5.36308,104.94159
477,ANGKLUNG,17TG0125002330,F.PIANO.000028,PMT ANGKLUNG,-5.36262,104.94198
478,ANGKLUNG,17TG0125002331,F.PIANO.000029,PMT ANGKLUNG,-5.36222,104.94226
479,ANGKLUNG,17TG0125002332,F.PIANO.000030,PMT ANGKLUNG,-5.36182,104.94242
480,ANGKLUNG,17TG0125002333,F.PIANO.000031,PMT ANGKLUNG,-5.36139,104.94261
481,ANGKLUNG,17TG0125002334,F.PIANO.000032,PMT ANGKLUNG,-5.36108,104.94276
482,ANGKLUNG,17TG0125002335,F.PIANO.000033,PMT ANGKLUNG,-5.36078,104.94298
483,ANGKLUNG,17TG0125002336,F.PIANO.000034,PMT ANGKLUNG,-5.36038,104.94330
484,ANGKLUNG,17TG0125002337,F.PIANO.000035,PMT ANGKLUNG,-5.36022,104.94366
485,ANGKLUNG,17TG0125002338,F.PIANO.000036,PMT ANGKLUNG,-5.35992,104.94403
486,ANGKLUNG,17TG0125002339,F.PIANO.000037,PMT ANGKLUNG,-5.35972,104.94428
487,ANGKLUNG,17TG0125002340,F.PIANO.000038,PMT ANGKLUNG,-5.35943,104.94464
488,ANGKLUNG,17TG0125002341,F.PIANO.000039,PMT ANGKLUNG,-5.35903,104.94494
489,ANGKLUNG,17TG0125002342,F.PIANO.000040,PMT ANGKLUNG,-5.35869,104.94505
490,ANGKLUNG,17TG0125002343,F.PIANO.000041,PMT ANGKLUNG,-5.35818,104.94520
491,ANGKLUNG,17TG0125002344,F.PIANO.000042,PMT ANGKLUNG,-5.35781,104.94543
492,ANGKLUNG,17TG0125002345,F.PIANO.000043,PMT ANGKLUNG,-5.35750,104.94576
493,ANGKLUNG,17TG0125002346,F.PIANO.000044,PMT ANGKLUNG,-5.35731,104.94616
494,ANGKLUNG,17TG0125002347,F.PIANO.000045,PMT ANGKLUNG,-5.35706,104.94649
495,ANGKLUNG,17TG0125002348,F.PIANO.000046,PMT ANGKLUNG,-5.35684,104.94695
496,ANGKLUNG,17TG0125002349,F.PIANO.000047,PMT ANGKLUNG,-5.35670,104.94730
497,ANGKLUNG,17TG0125002350,F.PIANO.000048,PMT ANGKLUNG,-5.35652,104.94762
498,ANGKLUNG,17TG0125002351,F.PIANO.000049,PMT ANGKLUNG,-5.35632,104.94815
499,ANGKLUNG,17TG0125002352,F.PIANO.000050,PMT ANGKLUNG,-5.35609,104.94851
500,ANGKLUNG,17TG0125002353,F.PIANO.000051,PMT ANGKLUNG,-5.35585,104.94890
501,ANGKLUNG,17TG0125002354,F.PIANO.000052,PMT ANGKLUNG,-5.35565,104.94921
502,ANGKLUNG,17TG0125002355,F.PIANO.000053,PMT ANGKLUNG,-5.35548,104.94961
503,ANGKLUNG,17TG0125002356,F.PIANO.000054,PMT ANGKLUNG,-5.35539,104.94996
504,ANGKLUNG,17TG0125002357,F.PIANO.000055,PMT ANGKLUNG,-5.35556,104.95024
505,ANGKLUNG,17TG0125002358,F.PIANO.000056,PMT ANGKLUNG,-5.35588,104.95073
506,ANGKLUNG,17TG0125002359,F.PIANO.000057,PMT ANGKLUNG,-5.35608,104.95108
507,ANGKLUNG,17TG0125002360,F.PIANO.000058,PMT ANGKLUNG,-5.35635,104.95148
508,ANGKLUNG,17TG0125002361,F.PIANO.000059,PMT ANGKLUNG,-5.35642,104.95198
509,ANGKLUNG,17TG0125002362,F.PIANO.000060,PMT ANGKLUNG,-5.35642,104.95246
510,ANGKLUNG,17TG0125002363,F.PIANO.000061,PMT ANGKLUNG,-5.35645,104.95286
511,ANGKLUNG,17TG0125002364,F.PIANO.000062,PMT ANGKLUNG,-5.35646,104.95330
512,ANGKLUNG,17TG0125002365,F.PIANO.000063,PMT ANGKLUNG,-5.35646,104.95379
513,ANGKLUNG,17TG0125002366,F.PIANO.000064,PMT ANGKLUNG,-5.35651,104.95420
514,ANGKLUNG,17TG0125002367,F.PIANO.000065,PMT ANGKLUNG,-5.35661,104.95469
515,ANGKLUNG,17TG0125002368,F.PIANO.000066,PMT ANGKLUNG,-5.35670,104.95511
516,ANGKLUNG,17TG0125002369,F.PIANO.000067,PMT ANGKLUNG,-5.35679,104.95551
517,ANGKLUNG,17TG0125002370,F.PIANO.000068,PMT ANGKLUNG,-5.35690,104.95595
518,ANGKLUNG,17TG0125002371,F.PIANO.000069,PMT ANGKLUNG,-5.35699,104.95643
519,ANGKLUNG,17TG0125002372,F.PIANO.000070,PMT ANGKLUNG,-5.35708,104.95685
520,ANGKLUNG,17TG0125002373,F.PIANO.000071,PMT ANGKLUNG,-5.35711,104.95733
521,ANGKLUNG,17TG0125002374,F.PIANO.000072,PMT ANGKLUNG,-5.35716,104.95775
522,ANGKLUNG,17TG0125002375,F.PIANO.000073,PMT ANGKLUNG,-5.35724,104.95826
523,ANGKLUNG,17TG0125002376,F.PIANO.000074,PMT ANGKLUNG,-5.35728,104.95877
524,ANGKLUNG,17TG0125002377,F.PIANO.000075,PMT ANGKLUNG,-5.35733,104.95915
525,ANGKLUNG,17TG0125002378,F.PIANO.000076,PMT ANGKLUNG,-5.35740,104.95965
526,ANGKLUNG,17TG0125002379,F.PIANO.000077,PMT ANGKLUNG,-5.35741,104.96007
527,ANGKLUNG,17TG0125002380,F.PIANO.000078,PMT ANGKLUNG,-5.35743,104.96053
528,ANGKLUNG,17TG0125002381,F.PIANO.000079,PMT ANGKLUNG,-5.35752,104.96091
529,ANGKLUNG,17TG0125002382,F.PIANO.000080,PMT ANGKLUNG,-5.35733,104.96130
530,ANGKLUNG,17TG0125002383,F.PIANO.000081,PMT ANGKLUNG,-5.35715,104.96185
531,ANGKLUNG,17TG0125002384,F.PIANO.000082,PMT ANGKLUNG,-5.35698,104.96227
532,ANGKLUNG,17TG0125001812,F.ANGKLUNG.000001,REC FAJAR ESUK,-5.35678,104.96249
533,ANGKLUNG,17TG0125001813,F.ANGKLUNG.000002,REC FAJAR ESUK,-5.35698,104.96270
534,ANGKLUNG,17TG0125001814,F.ANGKLUNG.000003,REC FAJAR ESUK,-5.35733,104.96276
535,ANGKLUNG,17TG0125001815,F.ANGKLUNG.000004,REC FAJAR ESUK,-5.35770,104.96281
536,ANGKLUNG,17TG0125001816,F.ANGKLUNG.000005,REC FAJAR ESUK,-5.35811,104.96285
537,ANGKLUNG,17TG0125001817,F.ANGKLUNG.000006,REC FAJAR ESUK,-5.35866,104.96290
538,ANGKLUNG,17TG0125001818,F.ANGKLUNG.000007,REC FAJAR ESUK,-5.35915,104.96288
539,ANGKLUNG,17TG0125001819,F.ANGKLUNG.000008,REC FAJAR ESUK,-5.35946,104.96278
540,ANGKLUNG,17TG0125001820,F.ANGKLUNG.000009,REC FAJAR ESUK,-5.35982,104.96267
541,ANGKLUNG,17TG0125001821,F.ANGKLUNG.000010,REC FAJAR ESUK,-5.36012,104.96258
542,ANGKLUNG,17TG0125001822,F.ANGKLUNG.000011,REC FAJAR ESUK,-5.36013,104.96291
543,ANGKLUNG,17TG0125001823,F.ANGKLUNG.000012,REC FAJAR ESUK,-5.36019,104.96331
544,ANGKLUNG,17TG0125001824,F.ANGKLUNG.000013,REC FAJAR ESUK,-5.36031,104.96363
545,ANGKLUNG,17TG0125001825,F.ANGKLUNG.000014,REC FAJAR ESUK,-5.36045,104.96395
546,ANGKLUNG,17TG0125001826,F.ANGKLUNG.000015,REC FAJAR ESUK,-5.36060,104.96421
547,ANGKLUNG,17TG0125001827,F.ANGKLUNG.000016,REC FAJAR ESUK,-5.36081,104.96469
548,ANGKLUNG,17TG0125001828,F.ANGKLUNG.000017,REC FAJAR ESUK,-5.36095,104.96511
549,ANGKLUNG,17TG0125001829,F.ANGKLUNG.000018,REC FAJAR ESUK,-5.36083,104.96552
550,ANGKLUNG,17TG0125001830,F.ANGKLUNG.000019,REC FAJAR ESUK,-5.36072,104.96598
551,ANGKLUNG,17TG0125001831,F.ANGKLUNG.000020,REC FAJAR ESUK,-5.36061,104.96636
552,ANGKLUNG,17TG0125001832,F.ANGKLUNG.000021,REC FAJAR ESUK,-5.36049,104.96684
553,ANGKLUNG,17TG0125001833,F.ANGKLUNG.000022,REC FAJAR ESUK,-5.36039,104.96723
554,ANGKLUNG,17TG0125001834,F.ANGKLUNG.000023,REC FAJAR ESUK,-5.36025,104.96776
555,ANGKLUNG,17TG0125001835,F.ANGKLUNG.000024,REC FAJAR ESUK,-5.36014,104.96813
556,ANGKLUNG,17TG0125001836,F.ANGKLUNG.000025,REC FAJAR ESUK,-5.36000,104.96860
557,ANGKLUNG,17TG0125001837,F.ANGKLUNG.000026,REC FAJAR ESUK,-5.35988,104.96901
558,ANGKLUNG,17TG0125001838,F.ANGKLUNG.000027,REC FAJAR ESUK,-5.35978,104.96941
559,ANGKLUNG,17TG0125001839,F.ANGKLUNG.000028,REC FAJAR ESUK,-5.35969,104.96979
560,ANGKLUNG,17TG0125001840,F.ANGKLUNG.000029,REC FAJAR ESUK,-5.35951,104.97037
561,ANGKLUNG,17TG0125001841,F.ANGKLUNG.000030,REC FAJAR ESUK,-5.35940,104.97082
562,ANGKLUNG,17TG0125001842,F.ANGKLUNG.000031,REC FAJAR ESUK,-5.35929,104.97124
563,ANGKLUNG,17TG0125001843,F.ANGKLUNG.000032,REC FAJAR ESUK,-5.35920,104.97169
564,ANGKLUNG,17TG0125001844,F.ANGKLUNG.000033,REC FAJAR ESUK,-5.35915,104.97213
565,ANGKLUNG,17TG0125001845,F.ANGKLUNG.000034,REC FAJAR ESUK,-5.35910,104.97264
566,ANGKLUNG,17TG0125001846,F.ANGKLUNG.000035,REC FAJAR ESUK,-5.35906,104.97313
567,ANGKLUNG,17TG0125001847,F.ANGKLUNG.000036,REC FAJAR ESUK,-5.35893,104.97363
568,ANGKLUNG,17TG0125001848,F.ANGKLUNG.000037,REC FAJAR ESUK,-5.35929,104.97369
569,ANGKLUNG,17TG0125001849,F.ANGKLUNG.000038,REC FAJAR ESUK,-5.35981,104.97379
570,ANGKLUNG,17TG0125001850,F.ANGKLUNG.000039,REC FAJAR ESUK,-5.36050,104.97393
571,ANGKLUNG,17TG0125001851,F.ANGKLUNG.000040,REC FAJAR ESUK,-5.36113,104.97404
572,ANGKLUNG,17TG0125001852,F.ANGKLUNG.000041,REC FAJAR ESUK,-5.36173,104.97416
573,ANGKLUNG,17TG0125001853,F.ANGKLUNG.000042,REC FAJAR ESUK,-5.36225,104.97408
574,ANGKLUNG,17TG0125001854,F.ANGKLUNG.000043,REC FAJAR ESUK,-5.36254,104.97412
575,ANGKLUNG,17TG0125001855,F.ANGKLUNG.000044,REC FAJAR ESUK,-5.36314,104.97415
576,ANGKLUNG,17TG0125001856,F.ANGKLUNG.000045,REC FAJAR ESUK,-5.36386,104.97423
577,ANGKLUNG,17TG0125001857,F.ANGKLUNG.000046,REC FAJAR ESUK,-5.36432,104.97359
578,ANGKLUNG,17TG0125001858,F.ANGKLUNG.000047,REC FAJAR ESUK,-5.36474,104.97302
579,ANGKLUNG,17TG0125001859,F.ANGKLUNG.000048,REC FAJAR ESUK,-5.36519,104.97242
580,ANGKLUNG,17TG0125001860,F.ANGKLUNG.000049,REC FAJAR ESUK,-5.36566,104.97177
581,ANGKLUNG,17TG0125001861,F.ANGKLUNG.000050,REC FAJAR ESUK,-5.36614,104.97112
582,ANGKLUNG,17TG0125001862,F.ANGKLUNG.000051,REC FAJAR ESUK,-5.36649,104.97062
583,ANGKLUNG,17TG0125001863,F.ANGKLUNG.000052,REC FAJAR ESUK,-5.36685,104.97016
584,ANGKLUNG,17TG0125001864,F.ANGKLUNG.000053,REC FAJAR ESUK,-5.36703,104.96954
585,ANGKLUNG,17TG0125001865,F.ANGKLUNG.000054,REC FAJAR ESUK,-5.36717,104.96898
586,ANGKLUNG,17TG0125001866,F.ANGKLUNG.000055,REC FAJAR ESUK,-5.36757,104.96855
587,ANGKLUNG,17TG0125001867,F.ANGKLUNG.000056,REC FAJAR ESUK,-5.36780,104.96833
588,ANGKLUNG,17TG0125001868,F.ANGKLUNG.000057,REC FAJAR ESUK,-5.36805,104.96812
589,ANGKLUNG,17TG0125001869,F.ANGKLUNG.000058,REC FAJAR ESUK,-5.36848,104.96765
590,ANGKLUNG,17TG0125001870,F.ANGKLUNG.000059,REC FAJAR ESUK,-5.36872,104.96743
591,ANGKLUNG,17TG0125001871,F.ANGKLUNG.000060,REC FAJAR ESUK,-5.36893,104.96721
592,ANGKLUNG,17TG0125001872,F.ANGKLUNG.000061,REC FAJAR ESUK,-5.36943,104.96676
593,ANGKLUNG,17TG0125001873,F.ANGKLUNG.000062,REC FAJAR ESUK,-5.36975,104.96647
594,ANGKLUNG,17TG0125001874,F.ANGKLUNG.000063,REC FAJAR ESUK,-5.37036,104.96634
595,ANGKLUNG,17TG0125001875,F.ANGKLUNG.000064,REC FAJAR ESUK,-5.37093,104.96629
596,ANGKLUNG,17TG0125001876,F.ANGKLUNG.000065,REC FAJAR ESUK,-5.37157,104.96628
597,ANGKLUNG,17TG0125001877,F.ANGKLUNG.000066,REC FAJAR ESUK,-5.37229,104.96626
598,ANGKLUNG,17TG0125001878,F.ANGKLUNG.000067,REC FAJAR ESUK,-5.37289,104.96632
599,ANGKLUNG,17TG0125001879,F.ANGKLUNG.000068,REC FAJAR ESUK,-5.37359,104.96632
600,ANGKLUNG,17TG0125001880,F.ANGKLUNG.000069,REC FAJAR ESUK,-5.37420,104.96630
601,ANGKLUNG,17TG0125001881,F.ANGKLUNG.000070,REC FAJAR ESUK,-5.37456,104.96631
602,ANGKLUNG,17TG0125001882,F.ANGKLUNG.000071,REC FAJAR ESUK,-5.37491,104.96630
603,ANGKLUNG,17TG0125001883,F.ANGKLUNG.000072,REC FAJAR ESUK,-5.37552,104.96632
604,ANGKLUNG,17TG0125001884,F.ANGKLUNG.000073,REC FAJAR ESUK,-5.37618,104.96632
605,ANGKLUNG,17TG0125001885,F.ANGKLUNG.000074,REC FAJAR ESUK,-5.37647,104.96630
606,ANGKLUNG,17TG0125001886,F.ANGKLUNG.000075,REC FAJAR ESUK,-5.37685,104.96629
607,ANGKLUNG,17TG0125001887,F.ANGKLUNG.000076,REC FAJAR ESUK,-5.37712,104.96630
608,ANGKLUNG,17TG0125001888,F.ANGKLUNG.000077,REC FAJAR ESUK,-5.37744,104.96632
609,ANGKLUNG,17TG0125001889,F.ANGKLUNG.000078,REC FAJAR ESUK,-5.37775,104.96634
610,ANGKLUNG,17TG0125001890,F.ANGKLUNG.000079,REC FAJAR ESUK,-5.37807,104.96640
611,ANGKLUNG,17TG0125001891,F.ANGKLUNG.000080,REC FAJAR ESUK,-5.37852,104.96678
612,ANGKLUNG,17TG0125001892,F.ANGKLUNG.000081,REC FAJAR ESUK,-5.37873,104.96700
613,ANGKLUNG,17TG0125001893,F.ANGKLUNG.000082,REC FAJAR ESUK,-5.37891,104.96724
614,ANGKLUNG,17TG0125001894,F.ANGKLUNG.000083,REC FAJAR ESUK,-5.37933,104.96774
615,ANGKLUNG,17TG0125001895,F.ANGKLUNG.000084,REC FAJAR ESUK,-5.37952,104.96794
616,ANGKLUNG,17TG0125001896,F.ANGKLUNG.000085,REC FAJAR ESUK,-5.37993,104.96832
617,ANGKLUNG,17TG0125001897,F.ANGKLUNG.000086,REC FAJAR ESUK,-5.38059,104.96850
618,ANGKLUNG,17TG0125001898,F.ANGKLUNG.000087,REC FAJAR ESUK,-5.38126,104.96858
619,ANGKLUNG,17TG0125001899,F.ANGKLUNG.000088,REC FAJAR ESUK,-5.38158,104.96868
620,ANGKLUNG,17TG0125001900,F.ANGKLUNG.000089,REC FAJAR ESUK,-5.38188,104.96881
621,ANGKLUNG,17TG0125001901,F.ANGKLUNG.000090,REC FAJAR ESUK,-5.38250,104.96911
622,ANGKLUNG,17TG0125001902,F.ANGKLUNG.000091,REC FAJAR ESUK,-5.38281,104.96925
623,ANGKLUNG,17TG0125001903,F.ANGKLUNG.000092,REC FAJAR ESUK,-5.38312,104.96938
624,ANGKLUNG,17TG0125001904,F.ANGKLUNG.000093,REC FAJAR ESUK,-5.38366,104.96958
625,ANGKLUNG,17TG0125001905,F.ANGKLUNG.000094,REC FAJAR ESUK,-5.38426,104.96980
626,ANGKLUNG,17TG0125001906,F.ANGKLUNG.000095,REC FAJAR ESUK,-5.38472,104.96999
627,ANGKLUNG,17TG0125001907,F.ANGKLUNG.000096,REC FAJAR ESUK,-5.38505,104.96989
628,ANGKLUNG,17TG0125001908,F.ANGKLUNG.000097,REC FAJAR ESUK,-5.38541,104.96982
629,ANGKLUNG,17TG0125001909,F.ANGKLUNG.000098,REC FAJAR ESUK,-5.38591,104.96971
630,ANGKLUNG,17TG0125001910,F.ANGKLUNG.000099,REC FAJAR ESUK,-5.38644,104.96951
631,ANGKLUNG,17TG0125001911,F.ANGKLUNG.000100,REC FAJAR ESUK,-5.38677,104.96938
632,ANGKLUNG,17TG0125001912,F.ANGKLUNG.000101,REC FAJAR ESUK,-5.38711,104.96925
633,ANGKLUNG,17TG0125001913,F.ANGKLUNG.000102,REC FAJAR ESUK,-5.38750,104.96914
634,ANGKLUNG,17TG0125001914,F.ANGKLUNG.000103,REC FAJAR ESUK,-5.38793,104.96905
635,ANGKLUNG,17TG0125001915,F.ANGKLUNG.000104,REC FAJAR ESUK,-5.38839,104.96899
636,ANGKLUNG,17TG0125001916,F.ANGKLUNG.000105,REC FAJAR ESUK,-5.36362,104.97456
637,ANGKLUNG,17TG0125001917,F.ANGKLUNG.000106,REC FAJAR ESUK,-5.36353,104.97469
638,ANGKLUNG,17TG0125001918,F.ANGKLUNG.000107,REC FAJAR ESUK,-5.36330,104.97499
639,ANGKLUNG,17TG0125001919,F.ANGKLUNG.000108,REC FAJAR ESUK,-5.36312,104.97524
640,ANGKLUNG,17TG0125001920,F.ANGKLUNG.000109,REC FAJAR ESUK,-5.36290,104.97553
641,ANGKLUNG,17TG0125001921,F.ANGKLUNG.000110,REC FAJAR ESUK,-5.36264,104.97587
642,ANGKLUNG,17TG0125001922,F.ANGKLUNG.000111,REC FAJAR ESUK,-5.36245,104.97613
643,ANGKLUNG,17TG0125001923,F.ANGKLUNG.000112,REC FAJAR ESUK,-5.36209,104.97661
644,ANGKLUNG,17TG0125001924,F.ANGKLUNG.000113,REC FAJAR ESUK,-5.36174,104.97708
645,ANGKLUNG,17TG0125001925,F.ANGKLUNG.000114,REC FAJAR ESUK,-5.36223,104.97715
646,ANGKLUNG,17TG0125001926,F.ANGKLUNG.000115,REC FAJAR ESUK,-5.38740,104.96845
647,ANGKLUNG,17TG0125001927,F.ANGKLUNG.000116,REC FAJAR ESUK,-5.38732,104.96783
648,ANGKLUNG,17TG0125001928,F.ANGKLUNG.000117,REC FAJAR ESUK,-5.38723,104.96720
649,ANGKLUNG,17TG0125001929,F.ANGKLUNG.000118,REC FAJAR ESUK,-5.38716,104.96653
650,ANGKLUNG,17TG0125001930,F.ANGKLUNG.000119,REC FAJAR ESUK,-5.38712,104.96588
651,ANGKLUNG,17TG0125001931,F.ANGKLUNG.000120,REC FAJAR ESUK,-5.38710,104.96526
652,ANGKLUNG,17TG0125001932,F.ANGKLUNG.000121,REC FAJAR ESUK,-5.38710,104.96460
653,ANGKLUNG,17TG0125001933,F.ANGKLUNG.000122,REC FAJAR ESUK,-5.38714,104.96400
654,ANGKLUNG,17TG0125001934,F.ANGKLUNG.000123,REC FAJAR ESUK,-5.38718,104.96321
655,ANGKLUNG,17TG0125001935,F.ANGKLUNG.000124,REC FAJAR ESUK,-5.38724,104.96260
656,ANGKLUNG,17TG0125001936,F.ANGKLUNG.000125,REC FAJAR ESUK,-5.38732,104.96195
657,ANGKLUNG,17TG0125001937,F.ANGKLUNG.000126,REC FAJAR ESUK,-5.38739,104.96133
658,ANGKLUNG,17TG0125001938,F.ANGKLUNG.000127,REC FAJAR ESUK,-5.38750,104.96073
659,ANGKLUNG,17TG0125001939,F.ANGKLUNG.000128,REC FAJAR ESUK,-5.38812,104.96077
660,ANGKLUNG,17TG0125001940,F.ANGKLUNG.000129,REC FAJAR ESUK,-5.38876,104.96083
661,ANGKLUNG,17TG0125001941,F.ANGKLUNG.000130,REC FAJAR ESUK,-5.38943,104.96086
662,ANGKLUNG,17TG0125001942,F.ANGKLUNG.000131,REC FAJAR ESUK,-5.39015,104.96088
663,ANGKLUNG,17TG0125001943,F.ANGKLUNG.000132,REC FAJAR ESUK,-5.39077,104.96092
664,ANGKLUNG,17TG0125001944,F.ANGKLUNG.000133,REC FAJAR ESUK,-5.39139,104.96078
665,ANGKLUNG,17TG0125001945,F.ANGKLUNG.000134,REC FAJAR ESUK,-5.39205,104.96068
666,ANGKLUNG,17TG0125001946,F.ANGKLUNG.000135,REC FAJAR ESUK,-5.39268,104.96059
667,ANGKLUNG,17TG0125001947,F.ANGKLUNG.000136,REC FAJAR ESUK,-5.39328,104.96051
668,ANGKLUNG,17TG0125001948,F.ANGKLUNG.000137,REC FAJAR ESUK,-5.39393,104.96043
669,ANGKLUNG,17TG0125001949,F.ANGKLUNG.000138,REC FAJAR ESUK,-5.39457,104.96037
670,ANGKLUNG,17TG0125001950,F.ANGKLUNG.000139,REC FAJAR ESUK,-5.39517,104.96023
671,ANGKLUNG,17TG0125001951,F.ANGKLUNG.000140,REC FAJAR ESUK,-5.39582,104.96016
672,ANGKLUNG,17TG0125001952,F.ANGKLUNG.000141,REC FAJAR ESUK,-5.39645,104.96014
673,ANGKLUNG,17TG0125001953,F.ANGKLUNG.000142,REC FAJAR ESUK,-5.39707,104.96017
674,ANGKLUNG,17TG0125001954,F.ANGKLUNG.000143,REC FAJAR ESUK,-5.39770,104.96020
675,ANGKLUNG,17TG0125001955,F.ANGKLUNG.000144,REC FAJAR ESUK,-5.39836,104.96027
676,ANGKLUNG,17TG0125001956,F.ANGKLUNG.000145,REC FAJAR ESUK,-5.39897,104.96021
677,ANGKLUNG,17TG0125001957,F.ANGKLUNG.000146,REC FAJAR ESUK,-5.39959,104.96014
678,ANGKLUNG,17TG0125001958,F.ANGKLUNG.000147,REC FAJAR ESUK,-5.40022,104.96005
679,ANGKLUNG,17TG0125001959,F.ANGKLUNG.000148,REC FAJAR ESUK,-5.40086,104.95996
680,ANGKLUNG,17TG0125001960,F.ANGKLUNG.000149,REC FAJAR ESUK,-5.40149,104.95994
681,ANGKLUNG,17TG0125001961,F.ANGKLUNG.000150,REC FAJAR ESUK,-5.40215,104.95993
682,ANGKLUNG,17TG0125001962,F.ANGKLUNG.000151,REC FAJAR ESUK,-5.40281,104.96005
683,ANGKLUNG,17TG0125001963,F.ANGKLUNG.000152,REC FAJAR ESUK,-5.40343,104.96007
684,ANGKLUNG,17TG0125001964,F.ANGKLUNG.000153,REC FAJAR ESUK,-5.40405,104.96007
685,ANGKLUNG,17TG0125001965,F.ANGKLUNG.000154,REC FAJAR ESUK,-5.40471,104.96009
686,ANGKLUNG,17TG0125002074,F.ANGKLUNG.000263,REC FAJAR ESUK,-5.38798,104.95493
687,ANGKLUNG,17TG0125002075,F.ANGKLUNG.000264,REC FAJAR ESUK,-5.38793,104.95538
688,ANGKLUNG,17TG0125002076,F.ANGKLUNG.000265,REC FAJAR ESUK,-5.38790,104.95582
689,ANGKLUNG,17TG0125002077,F.ANGKLUNG.000266,REC FAJAR ESUK,-5.38786,104.95628
690,ANGKLUNG,17TG0125002078,F.ANGKLUNG.000267,REC FAJAR ESUK,-5.38782,104.95671
691,ANGKLUNG,17TG0125002079,F.ANGKLUNG.000268,REC FAJAR ESUK,-5.38779,104.95720
692,ANGKLUNG,17TG0125002080,F.ANGKLUNG.000269,REC FAJAR ESUK,-5.38774,104.95770
693,ANGKLUNG,17TG0125002081,F.ANGKLUNG.000270,REC FAJAR ESUK,-5.38768,104.95829
694,ANGKLUNG,17TG0125002082,F.ANGKLUNG.000271,REC FAJAR ESUK,-5.38762,104.95890
695,ANGKLUNG,17TG0125002083,F.ANGKLUNG.000272,REC FAJAR ESUK,-5.38756,104.95954
696,ANGKLUNG,17TG0125002084,F.ANGKLUNG.000273,REC FAJAR ESUK,-5.38751,104.96017
697,ANGKLUNG,17TG0125010022,F.ANGKLUNG.000573,REC FAJAR ESUK,-5.39743,104.96010
698,ANGKLUNG,17TG0125010023,F.ANGKLUNG.000574,REC FAJAR ESUK,-5.39741,104.95975
699,ANGKLUNG,17TG0125010024,F.ANGKLUNG.000575,REC FAJAR ESUK,-5.39742,104.95919
700,ANGKLUNG,17TG0125010025,F.ANGKLUNG.000576,REC FAJAR ESUK,-5.39748,104.95875
701,ANGKLUNG,17TG0125010026,F.ANGKLUNG.000577,REC FAJAR ESUK,-5.39752,104.95830
702,ANGKLUNG,17TG0125010027,F.ANGKLUNG.000578,REC FAJAR ESUK,-5.39754,104.95787
703,ANGKLUNG,17TG0125010028,F.ANGKLUNG.000579,REC FAJAR ESUK,-5.39753,104.95728
704,ANGKLUNG,17TG0125010029,F.ANGKLUNG.000580,REC FAJAR ESUK,-5.39753,104.95686
705,ANGKLUNG,17TG0125010030,F.ANGKLUNG.000581,REC FAJAR ESUK,-5.39748,104.95646
706,ANGKLUNG,17TG0125010031,F.ANGKLUNG.000582,REC FAJAR ESUK,-5.39744,104.95587
707,ANGKLUNG,17TG0125010032,F.ANGKLUNG.000583,REC FAJAR ESUK,-5.39736,104.95533
708,ANGKLUNG,17TG0125010033,F.ANGKLUNG.000584,REC FAJAR ESUK,-5.39735,104.95484
709,ANGKLUNG,17TG0125010034,F.ANGKLUNG.000585,REC FAJAR ESUK,-5.39745,104.95435
710,ANGKLUNG,17TG0125010035,F.ANGKLUNG.000586,REC FAJAR ESUK,-5.39749,104.95404
711,ANGKLUNG,17TG01L1014191,F.ANGKLUNG.000609,REC FAJAR ESUK,-5.39668,104.96016
712,ANGKLUNG,17TG01L1014192,F.ANGKLUNG.000610,REC FAJAR ESUK,-5.39668,104.96043
713,ANGKLUNG,17TG01L1014193,F.ANGKLUNG.000611,REC FAJAR ESUK,-5.39668,104.96062
714,ANGKLUNG,17TG01L1015210,F.ANGKLUNG.000630,REC FAJAR ESUK,-5.37547,104.96583
715,ANGKLUNG,17TG01L1015211,F.ANGKLUNG.000631,REC FAJAR ESUK,-5.37539,104.96544
716,ANGKLUNG,17TG01L1015212,F.ANGKLUNG.000632,REC FAJAR ESUK,-5.37532,104.96499
717,ANGKLUNG,17TG01L1015213,F.ANGKLUNG.000633,REC FAJAR ESUK,-5.37530,104.96456
718,ANGKLUNG,17TG01L1015214,F.ANGKLUNG.000634,REC FAJAR ESUK,-5.37528,104.96412
719,ANGKLUNG,17TG01L1015215,F.ANGKLUNG.000635,REC FAJAR ESUK,-5.37511,104.96369
720,ANGKLUNG,17TG01L1015216,F.ANGKLUNG.000636,REC FAJAR ESUK,-5.37490,104.96324
721,ANGKLUNG,17TG01L1015217,F.ANGKLUNG.000637,REC FAJAR ESUK,-5.37476,104.96290
722,ANGKLUNG,17TG01L1015229,F.ANGKLUNG.000638,REC FAJAR ESUK,-5.37516,104.96268
723,ANGKLUNG,17TG01L1015230,F.ANGKLUNG.000639,REC FAJAR ESUK,-5.37551,104.96248
724,ANGKLUNG,17TG01L1015231,F.ANGKLUNG.000640,REC FAJAR ESUK,-5.37590,104.96224
725,ANGKLUNG,17TG01L1015232,F.ANGKLUNG.000641,REC FAJAR ESUK,-5.37633,104.96195
726,ANGKLUNG,17TG01L1015233,F.ANGKLUNG.000642,REC FAJAR ESUK,-5.37668,104.96172
727,ANGKLUNG,17TG01L1015234,F.ANGKLUNG.000643,REC FAJAR ESUK,-5.37712,104.96143
728,ANGKLUNG,17TG01L1015235,F.ANGKLUNG.000644,REC FAJAR ESUK,-5.37763,104.96120
729,ANGKLUNG,17TG01L1015236,F.ANGKLUNG.000645,REC FAJAR ESUK,-5.37811,104.96101
730,ANGKLUNG,17TG01L1015237,F.ANGKLUNG.000646,REC FAJAR ESUK,-5.37855,104.96080
731,ANGKLUNG,17TG01L1015238,F.ANGKLUNG.000647,REC FAJAR ESUK,-5.37873,104.96028
732,ANGKLUNG,17TG01L1015239,F.ANGKLUNG.000648,REC FAJAR ESUK,-5.37881,104.95974
733,ANGKLUNG,17TG01L1015187,F.ANGKLUNG.000649,REC FAJAR ESUK,-5.37875,104.95934
734,ANGKLUNG,17TG01L1015188,F.ANGKLUNG.000650,REC FAJAR ESUK,-5.37869,104.95888
735,ANGKLUNG,17TG01L1015189,F.ANGKLUNG.000651,REC FAJAR ESUK,-5.37863,104.95848
736,ANGKLUNG,17TG01L1015190,F.ANGKLUNG.000652,REC FAJAR ESUK,-5.37858,104.95810
737,ANGKLUNG,17TG01L1015191,F.ANGKLUNG.000653,REC FAJAR ESUK,-5.37853,104.95764
738,ANGKLUNG,17GD0125000454,PU0047,FCO JATI AGUNG,-5.39248,104.94284
739,ANGKLUNG,17GD0125000455,PU0086,FCO JATI AGUNG,-5.38808,104.95400
740,ANGKLUNG,17GD0125022208,PU0196,FCO JATI AGUNG,-5.39783,104.94231
741,ANGKLUNG,17GD01L3100717,PU0201,FCO JATI AGUNG,-5.39333,104.92630
742,ANGKLUNG,17GD0125022124,PU0174,FCO JATI AGUNG,-5.39246,104.92687
743,ANGKLUNG,17GD0125022120,PU0180,FCO JATI AGUNG,-5.39253,104.94119
744,ANGKLUNG,17GD0125022123,PU0189,FCO JATI AGUNG,-5.39147,104.93255
745,ANGKLUNG,17GD0125000463,PU0041,FCO KRESNO MULYO,-5.41936,104.92044
746,ANGKLUNG,17GD0125000464,PU0042,FCO KRESNO MULYO,-5.42099,104.91512
747,ANGKLUNG,17GD0125000465,PU0079,FCO KRESNO MULYO,-5.42087,104.93445
748,ANGKLUNG,17GD0125022117,PU0187,FCO KRESNO MULYO,-5.41706,104.92238
749,ANGKLUNG,17GD0125022204,PU0192,FCO KRESNO MULYO,-5.41786,104.92054
750,ANGKLUNG,17GD0125000453,PU0113,FCO KURNIA JAYA,-5.39052,104.93872
751,ANGKLUNG,17GD01L3100716,PU0200,FCO KURNIA JAYA,-5.39112,104.93926
752,ANGKLUNG,17GD0125022122,PU0182,FCO KURNIA JAYA,-5.39090,104.93823
753,ANGKLUNG,17GD0125000451,PU0059,FCO PU026 KRAWANG,-5.41046,104.96682
754,ANGKLUNG,17GD0125000467,PU0146,FCO PU026 KRAWANG,-5.40731,104.97043
755,ANGKLUNG,17GD01L3100866,PU0205,FCO PU026 KRAWANG,-5.40740,104.97042
756,ANGKLUNG,17GD0125022118,PU0188,FCO PU026 KRAWANG,-5.40727,104.96996
757,ANGKLUNG,17GD0125000460,PU0046,FCO SUMBER AGUNG,-5.41218,104.91711
758,ANGKLUNG,17GD0125000461,PU0053,FCO SUMBER AGUNG,-5.40795,104.91257
759,ANGKLUNG,17GD0125000459,PU0062,FCO SUMBER AGUNG,-5.41307,104.92033
760,ANGKLUNG,17GD0125000462,PU0064,FCO SUMBER AGUNG,-5.40323,104.91044
761,ANGKLUNG,17GD0125022057,PU0177,FCO SUMBER AGUNG,-5.4106,104.91258
762,ANGKLUNG,17GD01L3100865,PU0204,FCO SUMBER AGUNG,-5.41409,104.90707
763,ANGKLUNG,17GD0125000450,PU0014,LBSM AMBARAWA,-5.41314,104.95027
764,ANGKLUNG,17GD0125000447,PU0026,LBSM AMBARAWA,-5.41107,104.96030
765,ANGKLUNG,17GD0125000457,PU0027,LBSM AMBARAWA,-5.41426,104.93769
766,ANGKLUNG,17GD0125000449,PU0040,LBSM AMBARAWA,-5.41192,104.95347
767,ANGKLUNG,17GD0125000456,PU0070,LBSM AMBARAWA,-5.41400,104.94523
768,ANGKLUNG,17GD0125000458,PU0078,LBSM AMBARAWA,-5.41387,104.93389
769,ANGKLUNG,17GD0125000445,PU0085,LBSM AMBARAWA,-5.40601,104.96012
770,ANGKLUNG,17GD0125000448,PU0111,LBSM AMBARAWA,-5.41170,104.95640
771,ANGKLUNG,17GD0125000446,PU0142,LBSM AMBARAWA,-5.40752,104.96017
772,ANGKLUNG,17GD0125022055,PU0171,LBSM AMBARAWA,-5.4114,104.95778
773,ANGKLUNG,17GD01L3100715,PU0199,LBSM AMBARAWA,-5.40651,104.95379
774,ANGKLUNG,17GD0125000452,PU0084,FCO PU026 KRAWANG,-5.40995,104.97263
775,ANGKLUNG,17GD0125022049,PU0110,PMT ANGKLUNG,-5.36727,104.93801
776,ANGKLUNG,17GD0125000468,PU0147,PMT ANGKLUNG,-5.42399,104.91531
777,ANGKLUNG,17GD0125000469,PU0148,FCO SUMBER AGUNG,-5.40754,104.91998
778,ANGKLUNG,17GD0125000473,PU0151,PMT ANGKLUNG,-5.36670,104.96809
779,ANGKLUNG,17GD0125000471,PU0154,FCO PU154,-5.41033,104.97390
780,ANGKLUNG,17GD0125000472,PU0156,PMT ANGKLUNG,-5.39863,104.96232
781,ANGKLUNG,17GD0125022054,PU0157,PMT ANGKLUNG,-5.39024,104.96956
782,ANGKLUNG,17GD0125022056,PU0165,LBSM AMBARAWA,-5.41448,104.95522
783,ANGKLUNG,17GD0125022143,PU0190,PMT ANGKLUNG,-5.35670,104.94730
784,ANGKLUNG,17GD0125022207,PU0195,PMT ANGKLUNG,-5.39860,104.96138
785,ANGKLUNG,17GD0125022126,PU0161,PMT ANGKLUNG,-5.36941,104.93862
786,ANGKLUNG,17GD0125022125,PU0185,PMT ANGKLUNG,-5.36702,104.93597
787,ANGKLUNG,17GD0125000437,PU0001,REC FAJAR ESUK,-5.38839,104.96899
788,ANGKLUNG,17GD0125000429,PU0005,REC FAJAR ESUK,-5.35893,104.97363
789,ANGKLUNG,17GD0125000434,PU0021,REC FAJAR ESUK,-5.36805,104.96812
790,ANGKLUNG,17GD0125000435,PU0022,REC FAJAR ESUK,-5.37993,104.96832
791,ANGKLUNG,17GD0125000436,PU0023,REC FAJAR ESUK,-5.38750,104.96914
792,ANGKLUNG,17GD0125000442,PU0024,REC FAJAR ESUK,-5.38750,104.96073
793,ANGKLUNG,17GD0125000444,PU0025,REC FAJAR ESUK,-5.40281,104.96005
794,ANGKLUNG,17GD0125000428,PU0033,REC FAJAR ESUK,-5.36060,104.96421
795,ANGKLUNG,17GD0125000431,PU0054,REC FAJAR ESUK,-5.36386,104.97423
796,ANGKLUNG,17GD0125000433,PU0061,REC FAJAR ESUK,-5.37552,104.96632
797,ANGKLUNG,17GD0125000432,PU0065,REC FAJAR ESUK,-5.36975,104.96647
798,ANGKLUNG,17GD0125000439,PU0087,REC FAJAR ESUK,-5.36174,104.97708
799,ANGKLUNG,17GD0125000440,PU0091,REC FAJAR ESUK,-5.36223,104.97715
800,ANGKLUNG,17GD0125000430,PU0105,REC FAJAR ESUK,-5.36173,104.97416
801,ANGKLUNG,17GD0125000441,PU0106,REC FAJAR ESUK,-5.38714,104.96400
802,ANGKLUNG,17GD0125000443,PU0109,REC FAJAR ESUK,-5.39836,104.96027
803,ANGKLUNG,17GD0125000438,PU0141,REC FAJAR ESUK,-5.36209,104.97661
804,ANGKLUNG,17GD0125000466,PU0144,REC FAJAR ESUK,-5.35968,104.96978
805,ANGKLUNG,17GD0125000470,PU0150,REC FAJAR ESUK,-5.38790,104.95582
806,ANGKLUNG,17GD0125022051,PU0160,REC FAJAR ESUK,-5.36027,104.96765
807,ANGKLUNG,17GD0125022052,PU0168,REC FAJAR ESUK,-5.36285,104.97545
808,ANGKLUNG,17GD0125022053,PU0169,REC FAJAR ESUK,-5.36608,104.97115
809,ANGKLUNG,17GD01L3100714,PU0197,REC FAJAR ESUK,-5.39668,104.96062
810,ANGKLUNG,17GD01L3100864,PU0202,REC FAJAR ESUK,-5.37853,104.95764
811,ANGKLUNG,17GD0125022121,PU0186,REC FAJAR ESUK,-5.38578,104.96428
812,ANGKLUNG,17GD0125022203,PU0191,REC FAJAR ESUK,-5.39748,104.95405